match_date,player_id,minutes_played
2022-12-30 21:30:00,Aurélien Tchouaméni_14_RM,10
2022-12-30 21:30:00,Dani Ceballos_19_RM,69
2022-12-30 21:30:00,Federico Valverde_8_RM,87
2022-12-30 21:30:00,Lucas Vázquez_17_RM,37
2022-12-30 21:30:00,Thibaut Courtois_1_RM,97
2022-12-30 21:30:00,Vinicius Júnior_7_RM,88
2022-12-31 14:00:00,Ferrán Torres_7_B,38
2022-12-31 14:00:00,Frenkie de Jong_21_B,82
2022-12-31 14:00:00,Pedri_8_B,100
2022-12-31 14:00:00,Raphinha_11_B,62
2023-01-03 21:00:00,Aurélien Tchouaméni_14_RM,45
2023-01-03 21:00:00,Dani Ceballos_19_RM,90
2023-01-03 21:00:00,Federico Valverde_8_RM,45
2023-01-03 21:00:00,Lucas Vázquez_17_RM,90
2023-01-04 21:00:00,Eric García_24_B,61
2023-01-04 21:00:00,Ferrán Torres_7_B,60
2023-01-04 21:00:00,Raphinha_11_B,60
2023-01-07 16:15:00,Aurélien Tchouaméni_14_RM,64
2023-01-07 16:15:00,Federico Valverde_8_RM,82
2023-01-07 16:15:00,Lucas Vázquez_17_RM,34
2023-01-07 16:15:00,Thibaut Courtois_1_RM,98
2023-01-07 16:15:00,Vinicius Júnior_7_RM,98
2023-01-08 21:00:00,Ferrán Torres_7_B,40
2023-01-08 21:00:00,Frenkie de Jong_21_B,59
2023-01-08 21:00:00,Pedri_8_B,98
2023-01-08 21:00:00,Raphinha_11_B,24
2023-01-19 20:00:00,Eric García_24_B,90
2023-01-19 20:00:00,Ferrán Torres_7_B,59
2023-01-19 20:00:00,Raphinha_11_B,79
2023-01-19 21:00:00,Dani Ceballos_19_RM,35
2023-01-19 21:00:00,Federico Valverde_8_RM,90
2023-01-19 21:00:00,Thibaut Courtois_1_RM,90
2023-01-19 21:00:00,Vinicius Júnior_7_RM,90
2023-01-22 18:30:00,Eric García_24_B,47
2023-01-22 18:30:00,Pedri_8_B,93
2023-01-22 18:30:00,Raphinha_11_B,62
2023-01-22 21:00:00,Dani Ceballos_19_RM,85
2023-01-22 21:00:00,Federico Valverde_8_RM,92
2023-01-22 21:00:00,Thibaut Courtois_1_RM,92
2023-01-22 21:00:00,Vinicius Júnior_7_RM,83
2023-01-25 21:00:00,Frenkie de Jong_21_B,90
2023-01-25 21:00:00,Pedri_8_B,76
2023-01-25 21:00:00,Raphinha_11_B,13
2023-01-26 21:00:00,Dani Ceballos_19_RM,77
2023-01-26 21:00:00,Federico Valverde_8_RM,68
2023-01-26 21:00:00,Thibaut Courtois_1_RM,120
2023-01-26 21:00:00,Vinicius Júnior_7_RM,120
2023-01-28 16:15:00,Eric García_24_B,99
2023-01-28 16:15:00,Frenkie de Jong_21_B,99
2023-01-28 16:15:00,Pedri_8_B,73
2023-01-28 16:15:00,Raphinha_11_B,91
2023-01-29 21:00:00,Dani Ceballos_19_RM,78
2023-01-29 21:00:00,Federico Valverde_8_RM,78
2023-01-29 21:00:00,Thibaut Courtois_1_RM,96
2023-01-29 21:00:00,Vinicius Júnior_7_RM,96
2023-02-01 21:00:00,Ferrán Torres_7_B,11
2023-02-01 21:00:00,Frenkie de Jong_21_B,95
2023-02-01 21:00:00,Pedri_8_B,90
2023-02-01 21:00:00,Raphinha_11_B,80
2023-02-02 21:00:00,Aurélien Tchouaméni_14_RM,27
2023-02-02 21:00:00,Dani Ceballos_19_RM,98
2023-02-02 21:00:00,Federico Valverde_8_RM,27
2023-02-02 21:00:00,Thibaut Courtois_1_RM,98
2023-02-02 21:00:00,Vinicius Júnior_7_RM,98
2023-02-05 14:00:00,Aurélien Tchouaméni_14_RM,73
2023-02-05 14:00:00,Dani Ceballos_19_RM,73
2023-02-05 14:00:00,Federico Valverde_8_RM,66
2023-02-05 14:00:00,Vinicius Júnior_7_RM,100
2023-02-05 21:00:00,Ferrán Torres_7_B,8
2023-02-05 21:00:00,Frenkie de Jong_21_B,93
2023-02-05 21:00:00,Pedri_8_B,93
2023-02-05 21:00:00,Raphinha_11_B,85
2023-02-12 21:00:00,Ferrán Torres_7_B,12
2023-02-12 21:00:00,Frenkie de Jong_21_B,94
2023-02-12 21:00:00,Pedri_8_B,94
2023-02-12 21:00:00,Raphinha_11_B,82
2023-02-15 21:00:00,Aurélien Tchouaméni_14_RM,24
2023-02-15 21:00:00,Dani Ceballos_19_RM,69
2023-02-15 21:00:00,Federico Valverde_8_RM,69
2023-02-16 18:45:00,Ferrán Torres_7_B,8
2023-02-16 18:45:00,Frenkie de Jong_21_B,90
2023-02-16 18:45:00,Pedri_8_B,40
2023-02-16 18:45:00,Raphinha_11_B,82
2023-02-18 21:00:00,Dani Ceballos_19_RM,69
2023-02-18 21:00:00,Federico Valverde_8_RM,95
2023-02-18 21:00:00,Thibaut Courtois_1_RM,95
2023-02-18 21:00:00,Vinicius Júnior_7_RM,95
2023-02-19 21:00:00,Eric García_24_B,91
2023-02-19 21:00:00,Ferrán Torres_7_B,91
2023-02-19 21:00:00,Frenkie de Jong_21_B,70
2023-02-19 21:00:00,Raphinha_11_B,16
2023-02-21 20:00:00,Dani Ceballos_19_RM,10
2023-02-21 20:00:00,Federico Valverde_8_RM,90
2023-02-21 20:00:00,Thibaut Courtois_1_RM,90
2023-02-21 20:00:00,Vinicius Júnior_7_RM,90
2023-02-23 20:00:00,Ferrán Torres_7_B,21
2023-02-23 20:00:00,Frenkie de Jong_21_B,90
2023-02-23 20:00:00,Raphinha_11_B,74
2023-02-25 18:30:00,Aurélien Tchouaméni_14_RM,27
2023-02-25 18:30:00,Dani Ceballos_19_RM,63
2023-02-25 18:30:00,Federico Valverde_8_RM,90
2023-02-25 18:30:00,Lucas Vázquez_17_RM,7
2023-02-25 18:30:00,Thibaut Courtois_1_RM,90
2023-02-25 18:30:00,Vinicius Júnior_7_RM,90
2023-02-26 18:30:00,Eric García_24_B,67
2023-02-26 18:30:00,Ferrán Torres_7_B,95
2023-02-26 18:30:00,Frenkie de Jong_21_B,95
2023-02-26 18:30:00,Raphinha_11_B,49
2023-03-02 21:00:00,Aurélien Tchouaméni_14_RM,17
2023-03-02 21:00:00,Federico Valverde_8_RM,90
2023-03-02 21:00:00,Ferrán Torres_7_B,90
2023-03-02 21:00:00,Frenkie de Jong_21_B,90
2023-03-02 21:00:00,Raphinha_11_B,68
2023-03-02 21:00:00,Thibaut Courtois_1_RM,90
2023-03-02 21:00:00,Vinicius Júnior_7_RM,90
2023-03-05 16:15:00,Eric García_24_B,14
2023-03-05 16:15:00,Ferrán Torres_7_B,97
2023-03-05 16:15:00,Frenkie de Jong_21_B,48
2023-03-05 16:15:00,Raphinha_11_B,89
2023-03-05 21:00:00,Aurélien Tchouaméni_14_RM,66
2023-03-05 21:00:00,Dani Ceballos_19_RM,30
2023-03-05 21:00:00,Federico Valverde_8_RM,96
2023-03-05 21:00:00,Lucas Vázquez_17_RM,61
2023-03-05 21:00:00,Thibaut Courtois_1_RM,96
2023-03-05 21:00:00,Vinicius Júnior_7_RM,96
2023-03-11 14:00:00,Aurélien Tchouaméni_14_RM,74
2023-03-11 14:00:00,Dani Ceballos_19_RM,20
2023-03-11 14:00:00,Federico Valverde_8_RM,94
2023-03-11 14:00:00,Thibaut Courtois_1_RM,94
2023-03-11 14:00:00,Vinicius Júnior_7_RM,90
2023-03-12 21:00:00,Ferrán Torres_7_B,69
2023-03-12 21:00:00,Frenkie de Jong_21_B,97
2023-03-12 21:00:00,Raphinha_11_B,84
2023-03-15 21:00:00,Aurélien Tchouaméni_14_RM,7
2023-03-15 21:00:00,Dani Ceballos_19_RM,9
2023-03-15 21:00:00,Federico Valverde_8_RM,90
2023-03-15 21:00:00,Lucas Vázquez_17_RM,5
2023-03-15 21:00:00,Thibaut Courtois_1_RM,90
2023-03-15 21:00:00,Vinicius Júnior_7_RM,83
2023-03-19 21:00:00,Aurélien Tchouaméni_14_RM,21
2023-03-19 21:00:00,Dani Ceballos_19_RM,21
2023-03-19 21:00:00,Federico Valverde_8_RM,76
2023-03-19 21:00:00,Ferrán Torres_7_B,14
2023-03-19 21:00:00,Frenkie de Jong_21_B,97
2023-03-19 21:00:00,Raphinha_11_B,83
2023-03-19 21:00:00,Thibaut Courtois_1_RM,97
2023-03-19 21:00:00,Vinicius Júnior_7_RM,97
2023-04-01 21:00:00,Eric García_24_B,93
2023-04-01 21:00:00,Ferrán Torres_7_B,93
2023-04-02 16:15:00,Aurélien Tchouaméni_14_RM,91
2023-04-02 16:15:00,Dani Ceballos_19_RM,22
2023-04-02 16:15:00,Lucas Vázquez_17_RM,91
2023-04-02 16:15:00,Thibaut Courtois_1_RM,91
2023-04-02 16:15:00,Vinicius Júnior_7_RM,69
2023-04-05 21:00:00,Aurélien Tchouaméni_14_RM,4
2023-04-05 21:00:00,Dani Ceballos_19_RM,5
2023-04-05 21:00:00,Eric García_24_B,25
2023-04-05 21:00:00,Federico Valverde_8_RM,90
2023-04-05 21:00:00,Ferrán Torres_7_B,25
2023-04-05 21:00:00,Raphinha_11_B,65
2023-04-05 21:00:00,Thibaut Courtois_1_RM,90
2023-04-05 21:00:00,Vinicius Júnior_7_RM,85
2023-04-08 21:00:00,Aurélien Tchouaméni_14_RM,75
2023-04-08 21:00:00,Dani Ceballos_19_RM,78
2023-04-08 21:00:00,Federico Valverde_8_RM,38
2023-04-08 21:00:00,Lucas Vázquez_17_RM,100
2023-04-08 21:00:00,Thibaut Courtois_1_RM,100
2023-04-08 21:00:00,Vinicius Júnior_7_RM,100
2023-04-10 21:00:00,Eric García_24_B,96
2023-04-10 21:00:00,Ferrán Torres_7_B,28
2023-04-10 21:00:00,Raphinha_11_B,75
2023-04-12 21:00:00,Aurélien Tchouaméni_14_RM,7
2023-04-12 21:00:00,Dani Ceballos_19_RM,10
2023-04-12 21:00:00,Federico Valverde_8_RM,90
2023-04-12 21:00:00,Thibaut Courtois_1_RM,90
2023-04-12 21:00:00,Vinicius Júnior_7_RM,90
2023-04-15 21:00:00,Aurélien Tchouaméni_14_RM,94
2023-04-15 21:00:00,Dani Ceballos_19_RM,94
2023-04-15 21:00:00,Federico Valverde_8_RM,80
2023-04-15 21:00:00,Lucas Vázquez_17_RM,67
2023-04-15 21:00:00,Thibaut Courtois_1_RM,94
2023-04-16 16:15:00,Eric García_24_B,74
2023-04-16 16:15:00,Ferrán Torres_7_B,22
2023-04-16 16:15:00,Raphinha_11_B,89
2023-04-18 20:00:00,Aurélien Tchouaméni_14_RM,20
2023-04-18 20:00:00,Dani Ceballos_19_RM,15
2023-04-18 20:00:00,Federico Valverde_8_RM,90
2023-04-18 20:00:00,Thibaut Courtois_1_RM,90
2023-04-18 20:00:00,Vinicius Júnior_7_RM,90
2023-04-22 21:00:00,Aurélien Tchouaméni_14_RM,95
2023-04-22 21:00:00,Dani Ceballos_19_RM,83
2023-04-22 21:00:00,Federico Valverde_8_RM,95
2023-04-22 21:00:00,Lucas Vázquez_17_RM,17
2023-04-22 21:00:00,Thibaut Courtois_1_RM,95
2023-04-22 21:00:00,Vinicius Júnior_7_RM,83
2023-04-23 16:15:00,Eric García_24_B,34
2023-04-23 16:15:00,Ferrán Torres_7_B,61
2023-04-23 16:15:00,Frenkie de Jong_21_B,78
2023-04-23 16:15:00,Pedri_8_B,34
2023-04-23 16:15:00,Raphinha_11_B,92
2023-04-25 19:30:00,Aurélien Tchouaméni_14_RM,29
2023-04-25 19:30:00,Federico Valverde_8_RM,93
2023-04-25 19:30:00,Lucas Vázquez_17_RM,13
2023-04-25 19:30:00,Vinicius Júnior_7_RM,93
2023-04-26 22:00:00,Eric García_24_B,12
2023-04-26 22:00:00,Ferrán Torres_7_B,61
2023-04-26 22:00:00,Frenkie de Jong_21_B,83
2023-04-26 22:00:00,Pedri_8_B,72
2023-04-26 22:00:00,Raphinha_11_B,95
2023-04-29 18:30:00,Aurélien Tchouaméni_14_RM,95
2023-04-29 18:30:00,Dani Ceballos_19_RM,95
2023-04-29 18:30:00,Lucas Vázquez_17_RM,95
2023-04-29 18:30:00,Thibaut Courtois_1_RM,95
2023-04-29 18:30:00,Vinicius Júnior_7_RM,83
2023-04-29 21:00:00,Frenkie de Jong_21_B,59
2023-04-29 21:00:00,Lamine Yamal_19_B,11
2023-04-29 21:00:00,Pedri_8_B,73
2023-04-29 21:00:00,Raphinha_11_B,73
2023-05-02 19:30:00,Eric García_24_B,41
2023-05-02 19:30:00,Ferrán Torres_7_B,17
2023-05-02 19:30:00,Frenkie de Jong_21_B,93
2023-05-02 19:30:00,Pedri_8_B,93
2023-05-02 19:30:00,Raphinha_11_B,52
2023-05-02 22:00:00,Aurélien Tchouaméni_14_RM,92
2023-05-02 22:00:00,Dani Ceballos_19_RM,92
2023-05-02 22:00:00,Lucas Vázquez_17_RM,29
2023-05-02 22:00:00,Thibaut Courtois_1_RM,92
2023-05-06 22:00:00,Aurélien Tchouaméni_14_RM,68
2023-05-06 22:00:00,Federico Valverde_8_RM,90
2023-05-06 22:00:00,Thibaut Courtois_1_RM,90
2023-05-06 22:00:00,Vinicius Júnior_7_RM,90
2023-05-09 21:00:00,Aurélien Tchouaméni_14_RM,7
2023-05-09 21:00:00,Federico Valverde_8_RM,90
2023-05-09 21:00:00,Thibaut Courtois_1_RM,90
2023-05-09 21:00:00,Vinicius Júnior_7_RM,90
2023-05-13 21:00:00,Aurélien Tchouaméni_14_RM,95
2023-05-13 21:00:00,Dani Ceballos_19_RM,61
2023-05-13 21:00:00,Federico Valverde_8_RM,61
2023-05-13 21:00:00,Lucas Vázquez_17_RM,95
2023-05-13 21:00:00,Thibaut Courtois_1_RM,95
2023-05-13 21:00:00,Vinicius Júnior_7_RM,34
2023-05-14 21:00:00,Frenkie de Jong_21_B,93
2023-05-14 21:00:00,Pedri_8_B,90
2023-05-14 21:00:00,Raphinha_11_B,63
2023-05-17 20:00:00,Aurélien Tchouaméni_14_RM,11
2023-05-17 20:00:00,Dani Ceballos_19_RM,11
2023-05-17 20:00:00,Federico Valverde_8_RM,90
2023-05-17 20:00:00,Lucas Vázquez_17_RM,11
2023-05-17 20:00:00,Thibaut Courtois_1_RM,90
2023-05-17 20:00:00,Vinicius Júnior_7_RM,90
2023-05-20 21:00:00,Eric García_24_B,8
2023-05-20 21:00:00,Ferrán Torres_7_B,29
2023-05-20 21:00:00,Frenkie de Jong_21_B,92
2023-05-20 21:00:00,Raphinha_11_B,63
2023-05-21 18:30:00,Aurélien Tchouaméni_14_RM,86
2023-05-21 18:30:00,Dani Ceballos_19_RM,65
2023-05-21 18:30:00,Federico Valverde_8_RM,19
2023-05-21 18:30:00,Lucas Vázquez_17_RM,105
2023-05-21 18:30:00,Thibaut Courtois_1_RM,105
2023-05-21 18:30:00,Vinicius Júnior_7_RM,105
2023-05-23 22:00:00,Eric García_24_B,90
2023-05-23 22:00:00,Ferrán Torres_7_B,27
2023-05-23 22:00:00,Frenkie de Jong_21_B,90
2023-05-23 22:00:00,Raphinha_11_B,63
2023-05-24 19:30:00,Aurélien Tchouaméni_14_RM,11
2023-05-24 19:30:00,Dani Ceballos_19_RM,31
2023-05-24 19:30:00,Federico Valverde_8_RM,63
2023-05-24 19:30:00,Thibaut Courtois_1_RM,94
2023-05-27 19:00:00,Aurélien Tchouaméni_14_RM,99
2023-05-27 19:00:00,Dani Ceballos_19_RM,99
2023-05-27 19:00:00,Federico Valverde_8_RM,54
2023-05-27 19:00:00,Lucas Vázquez_17_RM,81
2023-05-27 19:00:00,Thibaut Courtois_1_RM,99
2023-05-28 19:00:00,Eric García_24_B,5
2023-05-28 19:00:00,Ferrán Torres_7_B,6
2023-05-28 19:00:00,Frenkie de Jong_21_B,93
2023-05-28 19:00:00,Raphinha_11_B,11
2023-06-04 18:30:00,Aurélien Tchouaméni_14_RM,37
2023-06-04 18:30:00,Dani Ceballos_19_RM,58
2023-06-04 18:30:00,Lucas Vázquez_17_RM,3
2023-06-04 18:30:00,Thibaut Courtois_1_RM,95
2023-06-04 18:30:00,Vinicius Júnior_7_RM,95
2023-06-04 21:00:00,Eric García_24_B,72
2023-06-04 21:00:00,Ferrán Torres_7_B,63
2023-06-04 21:00:00,Frenkie de Jong_21_B,96
2023-06-04 21:00:00,Raphinha_11_B,63
2023-08-12 21:30:00,Aurélien Tchouaméni_14_RM,95
2023-08-12 21:30:00,Federico Valverde_8_RM,95
2023-08-12 21:30:00,Fran Garcia_20_RM,95
2023-08-12 21:30:00,Jude Bellingham_5_RM,95
2023-08-12 21:30:00,Vinicius Júnior_7_RM,84
2023-08-13 21:30:00,Frenkie de Jong_21_B,114
2023-08-13 21:30:00,Lamine Yamal_19_B,30
2023-08-13 21:30:00,Pedri_8_B,87
2023-08-13 21:30:00,Raphinha_11_B,114
2023-08-19 19:30:00,Aurélien Tchouaméni_14_RM,101
2023-08-19 19:30:00,Federico Valverde_8_RM,92
2023-08-19 19:30:00,Fran Garcia_20_RM,101
2023-08-19 19:30:00,Jude Bellingham_5_RM,83
2023-08-19 19:30:00,Lucas Vázquez_17_RM,9
2023-08-19 19:30:00,Vinicius Júnior_7_RM,92
2023-08-20 19:30:00,Eric García_24_B,15
2023-08-20 19:30:00,Ferrán Torres_7_B,9
2023-08-20 19:30:00,Frenkie de Jong_21_B,100
2023-08-20 19:30:00,Lamine Yamal_19_B,91
2023-08-20 19:30:00,Pedri_8_B,100
2023-08-25 21:30:00,Aurélien Tchouaméni_14_RM,64
2023-08-25 21:30:00,Federico Valverde_8_RM,98
2023-08-25 21:30:00,Fran Garcia_20_RM,82
2023-08-25 21:30:00,Jude Bellingham_5_RM,98
2023-08-25 21:30:00,Vinicius Júnior_7_RM,18
2023-08-27 17:30:00,Eric García_24_B,50
2023-08-27 17:30:00,Ferrán Torres_7_B,33
2023-08-27 17:30:00,Frenkie de Jong_21_B,102
2023-08-27 17:30:00,Lamine Yamal_19_B,82
2023-09-02 16:15:00,Aurélien Tchouaméni_14_RM,85
2023-09-02 16:15:00,Federico Valverde_8_RM,20
2023-09-02 16:15:00,Fran Garcia_20_RM,51
2023-09-02 16:15:00,Jude Bellingham_5_RM,105
2023-09-02 16:15:00,Lucas Vázquez_17_RM,24
2023-09-03 21:00:00,Ferrán Torres_7_B,37
2023-09-03 21:00:00,Frenkie de Jong_21_B,97
2023-09-03 21:00:00,Iñigo Martínez_5_B,5
2023-09-03 21:00:00,Lamine Yamal_19_B,60
2023-09-03 21:00:00,Raphinha_11_B,5
2023-09-16 21:00:00,Ferrán Torres_7_B,68
2023-09-16 21:00:00,Frenkie de Jong_21_B,95
2023-09-16 21:00:00,Iñigo Martínez_5_B,15
2023-09-16 21:00:00,Lamine Yamal_19_B,27
2023-09-16 21:00:00,Raphinha_11_B,27
2023-09-17 21:00:00,Aurélien Tchouaméni_14_RM,62
2023-09-17 21:00:00,Federico Valverde_8_RM,87
2023-09-17 21:00:00,Fran Garcia_20_RM,74
2023-09-17 21:00:00,Jude Bellingham_5_RM,94
2023-09-17 21:00:00,Lucas Vázquez_17_RM,7
2023-09-19 21:00:00,Ferrán Torres_7_B,23
2023-09-19 21:00:00,Frenkie de Jong_21_B,57
2023-09-19 21:00:00,Lamine Yamal_19_B,23
2023-09-19 21:00:00,Raphinha_11_B,67
2023-09-20 18:45:00,Aurélien Tchouaméni_14_RM,64
2023-09-20 18:45:00,Federico Valverde_8_RM,26
2023-09-20 18:45:00,Fran Garcia_20_RM,18
2023-09-20 18:45:00,Jude Bellingham_5_RM,90
2023-09-20 18:45:00,Lucas Vázquez_17_RM,90
2023-09-23 18:30:00,Ferrán Torres_7_B,72
2023-09-23 18:30:00,Frenkie de Jong_21_B,36
2023-09-23 18:30:00,Lamine Yamal_19_B,48
2023-09-23 18:30:00,Raphinha_11_B,22
2023-09-24 21:00:00,Aurélien Tchouaméni_14_RM,38
2023-09-24 21:00:00,Federico Valverde_8_RM,96
2023-09-24 21:00:00,Fran Garcia_20_RM,58
2023-09-24 21:00:00,Jude Bellingham_5_RM,96
2023-09-24 21:00:00,Lucas Vázquez_17_RM,58
2023-09-26 21:30:00,Ferrán Torres_7_B,66
2023-09-26 21:30:00,Iñigo Martínez_5_B,86
2023-09-26 21:30:00,Lamine Yamal_19_B,34
2023-09-26 21:30:00,Raphinha_11_B,106
2023-09-27 19:00:00,Aurélien Tchouaméni_14_RM,96
2023-09-27 19:00:00,Dani Ceballos_19_RM,36
2023-09-27 19:00:00,Federico Valverde_8_RM,96
2023-09-27 19:00:00,Fran Garcia_20_RM,16
2023-09-27 19:00:00,Lucas Vázquez_17_RM,55
2023-09-27 19:00:00,Vinicius Júnior_7_RM,36
2023-09-29 21:00:00,Ferrán Torres_7_B,24
2023-09-29 21:00:00,Lamine Yamal_19_B,83
2023-09-29 21:00:00,Raphinha_11_B,37
2023-09-30 18:30:00,Aurélien Tchouaméni_14_RM,99
2023-09-30 18:30:00,Dani Ceballos_19_RM,21
2023-09-30 18:30:00,Federico Valverde_8_RM,91
2023-09-30 18:30:00,Jude Bellingham_5_RM,78
2023-09-30 18:30:00,Lucas Vázquez_17_RM,8
2023-09-30 18:30:00,Vinicius Júnior_7_RM,72
2023-10-03 21:00:00,Aurélien Tchouaméni_14_RM,90
2023-10-03 21:00:00,Dani Ceballos_19_RM,7
2023-10-03 21:00:00,Federico Valverde_8_RM,90
2023-10-03 21:00:00,Jude Bellingham_5_RM,90
2023-10-03 21:00:00,Vinicius Júnior_7_RM,83
2023-10-04 20:00:00,Ferrán Torres_7_B,57
2023-10-04 20:00:00,Lamine Yamal_19_B,79
2023-10-07 16:15:00,Aurélien Tchouaméni_14_RM,92
2023-10-07 16:15:00,Dani Ceballos_19_RM,19
2023-10-07 16:15:00,Federico Valverde_8_RM,92
2023-10-07 16:15:00,Jude Bellingham_5_RM,73
2023-10-07 16:15:00,Lucas Vázquez_17_RM,12
2023-10-07 16:15:00,Vinicius Júnior_7_RM,73
2023-10-08 21:00:00,Ferrán Torres_7_B,99
2023-10-08 21:00:00,Lamine Yamal_19_B,77
2023-10-21 18:30:00,Aurélien Tchouaméni_14_RM,68
2023-10-21 18:30:00,Federico Valverde_8_RM,68
2023-10-21 18:30:00,Fran Garcia_20_RM,11
2023-10-21 18:30:00,Jude Bellingham_5_RM,100
2023-10-21 18:30:00,Vinicius Júnior_7_RM,89
2023-10-22 21:00:00,Ferrán Torres_7_B,94
2023-10-22 21:00:00,Iñigo Martínez_5_B,94
2023-10-22 21:00:00,Lamine Yamal_19_B,33
2023-10-24 20:00:00,Aurélien Tchouaméni_14_RM,20
2023-10-24 20:00:00,Federico Valverde_8_RM,90
2023-10-24 20:00:00,Fran Garcia_20_RM,74
2023-10-24 20:00:00,Jude Bellingham_5_RM,88
2023-10-24 20:00:00,Lucas Vázquez_17_RM,2
2023-10-24 20:00:00,Vinicius Júnior_7_RM,90
2023-10-25 18:45:00,Ferrán Torres_7_B,90
2023-10-25 18:45:00,Iñigo Martínez_5_B,81
2023-10-25 18:45:00,Lamine Yamal_19_B,90
2023-10-28 16:15:00,Aurélien Tchouaméni_14_RM,99
2023-10-28 16:15:00,Federico Valverde_8_RM,99
2023-10-28 16:15:00,Ferrán Torres_7_B,63
2023-10-28 16:15:00,Iñigo Martínez_5_B,99
2023-10-28 16:15:00,Jude Bellingham_5_RM,99
2023-10-28 16:15:00,Lamine Yamal_19_B,20
2023-10-28 16:15:00,Lucas Vázquez_17_RM,1
2023-10-28 16:15:00,Raphinha_11_B,20
2023-10-28 16:15:00,Vinicius Júnior_7_RM,98
2023-11-04 21:00:00,Ferrán Torres_7_B,35
2023-11-04 21:00:00,Iñigo Martínez_5_B,92
2023-11-04 21:00:00,Lamine Yamal_19_B,23
2023-11-04 21:00:00,Pedri_8_B,35
2023-11-04 21:00:00,Raphinha_11_B,23
2023-11-05 21:00:00,Federico Valverde_8_RM,98
2023-11-05 21:00:00,Fran Garcia_20_RM,74
2023-11-05 21:00:00,Jude Bellingham_5_RM,98
2023-11-05 21:00:00,Vinicius Júnior_7_RM,98
2023-11-07 19:45:00,Ferrán Torres_7_B,58
2023-11-07 19:45:00,Lamine Yamal_19_B,32
2023-11-07 19:45:00,Pedri_8_B,32
2023-11-07 19:45:00,Raphinha_11_B,58
2023-11-08 21:00:00,Federico Valverde_8_RM,76
2023-11-08 21:00:00,Fran Garcia_20_RM,7
2023-11-08 21:00:00,Lucas Vázquez_17_RM,73
2023-11-08 21:00:00,Vinicius Júnior_7_RM,90
2023-11-11 21:00:00,Federico Valverde_8_RM,61
2023-11-11 21:00:00,Fran Garcia_20_RM,23
2023-11-11 21:00:00,Lucas Vázquez_17_RM,23
2023-11-11 21:00:00,Vinicius Júnior_7_RM,83
2023-11-12 16:15:00,Ferrán Torres_7_B,24
2023-11-12 16:15:00,Iñigo Martínez_5_B,94
2023-11-12 16:15:00,Lamine Yamal_19_B,94
2023-11-12 16:15:00,Pedri_8_B,81
2023-11-12 16:15:00,Raphinha_11_B,31
2023-11-25 14:00:00,Ferrán Torres_7_B,58
2023-11-25 14:00:00,Frenkie de Jong_21_B,97
2023-11-25 14:00:00,Iñigo Martínez_5_B,97
2023-11-25 14:00:00,Lamine Yamal_19_B,78
2023-11-25 14:00:00,Pedri_8_B,78
2023-11-25 14:00:00,Raphinha_11_B,19
2023-11-26 18:30:00,Dani Ceballos_19_RM,25
2023-11-26 18:30:00,Federico Valverde_8_RM,92
2023-11-26 18:30:00,Fran Garcia_20_RM,7
2023-11-26 18:30:00,Jude Bellingham_5_RM,82
2023-11-26 18:30:00,Lucas Vázquez_17_RM,17
2023-11-28 21:00:00,Ferrán Torres_7_B,16
2023-11-28 21:00:00,Frenkie de Jong_21_B,90
2023-11-28 21:00:00,Iñigo Martínez_5_B,90
2023-11-28 21:00:00,Lamine Yamal_19_B,1
2023-11-28 21:00:00,Pedri_8_B,90
2023-11-28 21:00:00,Raphinha_11_B,89
2023-11-29 21:00:00,Dani Ceballos_19_RM,56
2023-11-29 21:00:00,Federico Valverde_8_RM,90
2023-11-29 21:00:00,Jude Bellingham_5_RM,90
2023-11-29 21:00:00,Lucas Vázquez_17_RM,4
2023-12-02 18:30:00,Dani Ceballos_19_RM,23
2023-12-02 18:30:00,Federico Valverde_8_RM,98
2023-12-02 18:30:00,Jude Bellingham_5_RM,98
2023-12-02 18:30:00,Lucas Vázquez_17_RM,47
2023-12-03 21:00:00,Ferrán Torres_7_B,17
2023-12-03 21:00:00,Frenkie de Jong_21_B,96
2023-12-03 21:00:00,Lamine Yamal_19_B,17
2023-12-03 21:00:00,Pedri_8_B,91
2023-12-03 21:00:00,Raphinha_11_B,79
2023-12-09 16:15:00,Dani Ceballos_19_RM,27
2023-12-09 16:15:00,Federico Valverde_8_RM,98
2023-12-09 16:15:00,Jude Bellingham_5_RM,98
2023-12-09 16:15:00,Lucas Vázquez_17_RM,84
2023-12-10 21:00:00,Ferrán Torres_7_B,33
2023-12-10 21:00:00,Frenkie de Jong_21_B,101
2023-12-10 21:00:00,Lamine Yamal_19_B,33
2023-12-10 21:00:00,Pedri_8_B,83
2023-12-10 21:00:00,Raphinha_11_B,68
2023-12-12 21:00:00,Dani Ceballos_19_RM,89
2023-12-12 21:00:00,Federico Valverde_8_RM,45
2023-12-12 21:00:00,Fran Garcia_20_RM,90
2023-12-12 21:00:00,Jude Bellingham_5_RM,90
2023-12-12 21:00:00,Lucas Vázquez_17_RM,90
2023-12-13 21:00:00,Ferrán Torres_7_B,90
2023-12-13 21:00:00,Lamine Yamal_19_B,90
2023-12-13 21:00:00,Pedri_8_B,31
2023-12-16 21:00:00,Ferrán Torres_7_B,20
2023-12-16 21:00:00,Frenkie de Jong_21_B,92
2023-12-16 21:00:00,Lamine Yamal_19_B,11
2023-12-16 21:00:00,Pedri_8_B,92
2023-12-16 21:00:00,Raphinha_11_B,92
2023-12-17 21:00:00,Aurélien Tchouaméni_14_RM,15
2023-12-17 21:00:00,Dani Ceballos_19_RM,16
2023-12-17 21:00:00,Federico Valverde_8_RM,94
2023-12-17 21:00:00,Fran Garcia_20_RM,48
2023-12-17 21:00:00,Jude Bellingham_5_RM,78
2023-12-17 21:00:00,Lucas Vázquez_17_RM,94
2023-12-20 19:00:00,Ferrán Torres_7_B,48
2023-12-20 19:00:00,Lamine Yamal_19_B,18
2023-12-20 19:00:00,Raphinha_11_B,78
2023-12-21 21:30:00,Aurélien Tchouaméni_14_RM,41
2023-12-21 21:30:00,Federico Valverde_8_RM,97
2023-12-21 21:30:00,Fran Garcia_20_RM,97
2023-12-21 21:30:00,Jude Bellingham_5_RM,97
2023-12-21 21:30:00,Lucas Vázquez_17_RM,97
2024-01-03 19:15:00,Aurélien Tchouaméni_14_RM,95
2024-01-03 19:15:00,Dani Ceballos_19_RM,7
2024-01-03 19:15:00,Federico Valverde_8_RM,95
2024-01-03 19:15:00,Fran Garcia_20_RM,95
2024-01-03 19:15:00,Jude Bellingham_5_RM,95
2024-01-03 19:15:00,Lucas Vázquez_17_RM,7
2024-01-03 19:15:00,Vinicius Júnior_7_RM,62
2024-01-04 20:30:00,Ferrán Torres_7_B,81
2024-01-04 20:30:00,Frenkie de Jong_21_B,101
2024-01-04 20:30:00,Lamine Yamal_19_B,26
2024-01-04 20:30:00,Raphinha_11_B,75
2024-01-06 21:30:00,Arda Güler_15_RM,58
2024-01-06 21:30:00,Dani Ceballos_19_RM,90
2024-01-06 21:30:00,Federico Valverde_8_RM,32
2024-01-06 21:30:00,Fran Garcia_20_RM,90
2024-01-07 21:00:00,Ferrán Torres_7_B,90
2024-01-07 21:00:00,Frenkie de Jong_21_B,90
2024-01-07 21:00:00,Iñigo Martínez_5_B,11
2024-01-07 21:00:00,Raphinha_11_B,63
2024-01-18 19:30:00,Ferrán Torres_7_B,81
2024-01-18 19:30:00,Frenkie de Jong_21_B,90
2024-01-18 19:30:00,Pau Cubarsí_2_B,45
2024-01-18 19:30:00,Pedri_8_B,30
2024-01-18 21:30:00,Aurélien Tchouaméni_14_RM,48
2024-01-18 21:30:00,Dani Ceballos_19_RM,15
2024-01-18 21:30:00,Federico Valverde_8_RM,72
2024-01-18 21:30:00,Fran Garcia_20_RM,16
2024-01-18 21:30:00,Jude Bellingham_5_RM,120
2024-01-18 21:30:00,Vinicius Júnior_7_RM,120
2024-01-21 16:15:00,Aurélien Tchouaméni_14_RM,108
2024-01-21 16:15:00,Dani Ceballos_19_RM,34
2024-01-21 16:15:00,Federico Valverde_8_RM,74
2024-01-21 16:15:00,Fran Garcia_20_RM,58
2024-01-21 16:15:00,Jude Bellingham_5_RM,108
2024-01-21 16:15:00,Vinicius Júnior_7_RM,108
2024-01-21 18:30:00,Ferrán Torres_7_B,96
2024-01-21 18:30:00,Frenkie de Jong_21_B,96
2024-01-21 18:30:00,Lamine Yamal_19_B,96
2024-01-21 18:30:00,Pau Cubarsí_2_B,81
2024-01-21 18:30:00,Pedri_8_B,71
2024-01-24 21:30:00,Ferrán Torres_7_B,120
2024-01-24 21:30:00,Frenkie de Jong_21_B,120
2024-01-24 21:30:00,Lamine Yamal_19_B,104
2024-01-24 21:30:00,Pau Cubarsí_2_B,51
2024-01-24 21:30:00,Pedri_8_B,98
2024-01-27 15:15:00,Arda Güler_15_RM,18
2024-01-27 15:15:00,Aurélien Tchouaméni_14_RM,18
2024-01-27 15:15:00,Dani Ceballos_19_RM,59
2024-01-27 15:15:00,Federico Valverde_8_RM,40
2024-01-27 15:15:00,Fran Garcia_20_RM,99
2024-01-27 15:15:00,Vinicius Júnior_7_RM,90
2024-01-27 18:30:00,Ferrán Torres_7_B,44
2024-01-27 18:30:00,Frenkie de Jong_21_B,103
2024-01-27 18:30:00,Lamine Yamal_19_B,103
2024-01-27 18:30:00,Pau Cubarsí_2_B,56
2024-01-27 18:30:00,Pedri_8_B,56
2024-01-31 19:00:00,Ferrán Torres_7_B,7
2024-01-31 19:00:00,Frenkie de Jong_21_B,96
2024-01-31 19:00:00,Lamine Yamal_19_B,96
2024-01-31 19:00:00,Pau Cubarsí_2_B,96
2024-01-31 19:00:00,Pedri_8_B,79
2024-02-01 21:00:00,Aurélien Tchouaméni_14_RM,96
2024-02-01 21:00:00,Federico Valverde_8_RM,96
2024-02-01 21:00:00,Jude Bellingham_5_RM,92
2024-02-01 21:00:00,Lucas Vázquez_17_RM,96
2024-02-01 21:00:00,Vinicius Júnior_7_RM,79
2024-02-03 18:30:00,Frenkie de Jong_21_B,97
2024-02-03 18:30:00,Iñigo Martínez_5_B,15
2024-02-03 18:30:00,Lamine Yamal_19_B,97
2024-02-03 18:30:00,Pau Cubarsí_2_B,83
2024-02-03 18:30:00,Pedri_8_B,74
2024-02-04 21:00:00,Dani Ceballos_19_RM,7
2024-02-04 21:00:00,Federico Valverde_8_RM,96
2024-02-04 21:00:00,Jude Bellingham_5_RM,89
2024-02-04 21:00:00,Lucas Vázquez_17_RM,96
2024-02-10 18:30:00,Arda Güler_15_RM,14
2024-02-10 18:30:00,Aurélien Tchouaméni_14_RM,95
2024-02-10 18:30:00,Federico Valverde_8_RM,95
2024-02-10 18:30:00,Fran Garcia_20_RM,14
2024-02-10 18:30:00,Jude Bellingham_5_RM,61
2024-02-10 18:30:00,Lucas Vázquez_17_RM,95
2024-02-10 18:30:00,Vinicius Júnior_7_RM,81
2024-02-11 21:00:00,Frenkie de Jong_21_B,96
2024-02-11 21:00:00,Iñigo Martínez_5_B,96
2024-02-11 21:00:00,Lamine Yamal_19_B,96
2024-02-11 21:00:00,Pau Cubarsí_2_B,96
2024-02-11 21:00:00,Pedri_8_B,89
2024-02-11 21:00:00,Raphinha_11_B,21
2024-02-13 21:00:00,Aurélien Tchouaméni_14_RM,90
2024-02-13 21:00:00,Federico Valverde_8_RM,90
2024-02-13 21:00:00,Lucas Vázquez_17_RM,7
2024-02-13 21:00:00,Vinicius Júnior_7_RM,90
2024-02-17 18:30:00,Frenkie de Jong_21_B,102
2024-02-17 18:30:00,Iñigo Martínez_5_B,55
2024-02-17 18:30:00,Lamine Yamal_19_B,100
2024-02-17 18:30:00,Pau Cubarsí_2_B,102
2024-02-17 18:30:00,Pedri_8_B,76
2024-02-17 18:30:00,Raphinha_11_B,43
2024-02-18 14:00:00,Arda Güler_15_RM,8
2024-02-18 14:00:00,Aurélien Tchouaméni_14_RM,99
2024-02-18 14:00:00,Federico Valverde_8_RM,99
2024-02-18 14:00:00,Fran Garcia_20_RM,99
2024-02-18 14:00:00,Lucas Vázquez_17_RM,79
2024-02-18 14:00:00,Vinicius Júnior_7_RM,99
2024-02-21 21:00:00,Frenkie de Jong_21_B,90
2024-02-21 21:00:00,Iñigo Martínez_5_B,90
2024-02-21 21:00:00,Lamine Yamal_19_B,79
2024-02-21 21:00:00,Pedri_8_B,85
2024-02-21 21:00:00,Raphinha_11_B,11
2024-02-24 16:15:00,Frenkie de Jong_21_B,91
2024-02-24 16:15:00,Pau Cubarsí_2_B,91
2024-02-24 16:15:00,Pedri_8_B,8
2024-02-24 16:15:00,Raphinha_11_B,77
2024-02-25 21:00:00,Aurélien Tchouaméni_14_RM,100
2024-02-25 21:00:00,Dani Ceballos_19_RM,8
2024-02-25 21:00:00,Federico Valverde_8_RM,100
2024-02-25 21:00:00,Lucas Vázquez_17_RM,100
2024-02-25 21:00:00,Vinicius Júnior_7_RM,100
2024-03-02 21:00:00,Aurélien Tchouaméni_14_RM,104
2024-03-02 21:00:00,Federico Valverde_8_RM,91
2024-03-02 21:00:00,Fran Garcia_20_RM,27
2024-03-02 21:00:00,Jude Bellingham_5_RM,104
2024-03-02 21:00:00,Vinicius Júnior_7_RM,104
2024-03-03 21:00:00,Frenkie de Jong_21_B,26
2024-03-03 21:00:00,Iñigo Martínez_5_B,16
2024-03-03 21:00:00,Lamine Yamal_19_B,51
2024-03-03 21:00:00,Pau Cubarsí_2_B,80
2024-03-03 21:00:00,Pedri_8_B,45
2024-03-03 21:00:00,Raphinha_11_B,80
2024-03-06 21:00:00,Aurélien Tchouaméni_14_RM,90
2024-03-06 21:00:00,Federico Valverde_8_RM,90
2024-03-06 21:00:00,Jude Bellingham_5_RM,84
2024-03-06 21:00:00,Vinicius Júnior_7_RM,90
2024-03-08 21:00:00,Iñigo Martínez_5_B,93
2024-03-08 21:00:00,Lamine Yamal_19_B,93
2024-03-08 21:00:00,Pau Cubarsí_2_B,93
2024-03-08 21:00:00,Raphinha_11_B,37
2024-03-10 18:30:00,Arda Güler_15_RM,5
2024-03-10 18:30:00,Aurélien Tchouaméni_14_RM,11
2024-03-10 18:30:00,Dani Ceballos_19_RM,6
2024-03-10 18:30:00,Federico Valverde_8_RM,96
2024-03-10 18:30:00,Lucas Vázquez_17_RM,96
2024-03-10 18:30:00,Vinicius Júnior_7_RM,91
2024-03-12 21:00:00,Lamine Yamal_19_B,90
2024-03-12 21:00:00,Pau Cubarsí_2_B,90
2024-03-12 21:00:00,Raphinha_11_B,80
2024-03-16 16:15:00,Arda Güler_15_RM,9
2024-03-16 16:15:00,Aurélien Tchouaméni_14_RM,94
2024-03-16 16:15:00,Federico Valverde_8_RM,94
2024-03-16 16:15:00,Fran Garcia_20_RM,9
2024-03-16 16:15:00,Lucas Vázquez_17_RM,17
2024-03-16 16:15:00,Vinicius Júnior_7_RM,85
2024-03-17 21:00:00,Iñigo Martínez_5_B,13
2024-03-17 21:00:00,Lamine Yamal_19_B,35
2024-03-17 21:00:00,Pau Cubarsí_2_B,95
2024-03-17 21:00:00,Raphinha_11_B,60
2024-03-30 21:00:00,Ferrán Torres_7_B,19
2024-03-30 21:00:00,Iñigo Martínez_5_B,95
2024-03-30 21:00:00,Lamine Yamal_19_B,76
2024-03-30 21:00:00,Pau Cubarsí_2_B,95
2024-03-30 21:00:00,Raphinha_11_B,95
2024-03-31 21:00:00,Aurélien Tchouaméni_14_RM,93
2024-03-31 21:00:00,Federico Valverde_8_RM,82
2024-03-31 21:00:00,Jude Bellingham_5_RM,93
2024-03-31 21:00:00,Lucas Vázquez_17_RM,11
2024-04-09 21:00:00,Aurélien Tchouaméni_14_RM,90
2024-04-09 21:00:00,Federico Valverde_8_RM,90
2024-04-09 21:00:00,Jude Bellingham_5_RM,90
2024-04-09 21:00:00,Vinicius Júnior_7_RM,85
2024-04-10 21:00:00,Ferrán Torres_7_B,15
2024-04-10 21:00:00,Frenkie de Jong_21_B,75
2024-04-10 21:00:00,Lamine Yamal_19_B,60
2024-04-10 21:00:00,Pau Cubarsí_2_B,90
2024-04-10 21:00:00,Pedri_8_B,30
2024-04-10 21:00:00,Raphinha_11_B,75
2024-04-13 18:30:00,Aurélien Tchouaméni_14_RM,95
2024-04-13 18:30:00,Federico Valverde_8_RM,95
2024-04-13 18:30:00,Jude Bellingham_5_RM,64
2024-04-13 18:30:00,Lucas Vázquez_17_RM,90
2024-04-13 18:30:00,Vinicius Júnior_7_RM,32
2024-04-13 21:00:00,Ferrán Torres_7_B,92
2024-04-13 21:00:00,Lamine Yamal_19_B,29
2024-04-13 21:00:00,Pau Cubarsí_2_B,92
2024-04-13 21:00:00,Pedri_8_B,29
2024-04-13 21:00:00,Raphinha_11_B,11
2024-04-16 21:00:00,Ferrán Torres_7_B,29
2024-04-16 21:00:00,Frenkie de Jong_21_B,81
2024-04-16 21:00:00,Iñigo Martínez_5_B,57
2024-04-16 21:00:00,Lamine Yamal_19_B,33
2024-04-16 21:00:00,Pau Cubarsí_2_B,90
2024-04-16 21:00:00,Pedri_8_B,61
2024-04-16 21:00:00,Raphinha_11_B,90
2024-04-17 20:00:00,Federico Valverde_8_RM,120
2024-04-17 20:00:00,Jude Bellingham_5_RM,120
2024-04-17 20:00:00,Lucas Vázquez_17_RM,19
2024-04-17 20:00:00,Vinicius Júnior_7_RM,101
2024-04-21 21:00:00,Aurélien Tchouaméni_14_RM,102
2024-04-21 21:00:00,Federico Valverde_8_RM,102
2024-04-21 21:00:00,Ferrán Torres_7_B,30
2024-04-21 21:00:00,Fran Garcia_20_RM,24
2024-04-21 21:00:00,Frenkie de Jong_21_B,59
2024-04-21 21:00:00,Jude Bellingham_5_RM,102
2024-04-21 21:00:00,Lamine Yamal_19_B,102
2024-04-21 21:00:00,Lucas Vázquez_17_RM,102
2024-04-21 21:00:00,Pau Cubarsí_2_B,102
2024-04-21 21:00:00,Pedri_8_B,43
2024-04-21 21:00:00,Raphinha_11_B,72
2024-04-21 21:00:00,Vinicius Júnior_7_RM,89
2024-04-26 21:00:00,Arda Güler_15_RM,68
2024-04-26 21:00:00,Aurélien Tchouaméni_14_RM,95
2024-04-26 21:00:00,Dani Ceballos_19_RM,68
2024-04-26 21:00:00,Federico Valverde_8_RM,27
2024-04-26 21:00:00,Fran Garcia_20_RM,76
2024-04-26 21:00:00,Lucas Vázquez_17_RM,11
2024-04-26 21:00:00,Vinicius Júnior_7_RM,27
2024-04-29 21:00:00,Ferrán Torres_7_B,13
2024-04-29 21:00:00,Iñigo Martínez_5_B,47
2024-04-29 21:00:00,Lamine Yamal_19_B,102
2024-04-29 21:00:00,Pau Cubarsí_2_B,55
2024-04-29 21:00:00,Pedri_8_B,20
2024-04-29 21:00:00,Raphinha_11_B,75
2024-04-30 21:00:00,Aurélien Tchouaméni_14_RM,90
2024-04-30 21:00:00,Federico Valverde_8_RM,90
2024-04-30 21:00:00,Jude Bellingham_5_RM,74
2024-04-30 21:00:00,Lucas Vázquez_17_RM,90
2024-04-30 21:00:00,Vinicius Júnior_7_RM,90
2024-05-04 16:15:00,Arda Güler_15_RM,66
2024-05-04 16:15:00,Dani Ceballos_19_RM,93
2024-05-04 16:15:00,Federico Valverde_8_RM,13
2024-05-04 16:15:00,Fran Garcia_20_RM,93
2024-05-04 16:15:00,Jude Bellingham_5_RM,27
2024-05-04 16:15:00,Thibaut Courtois_1_RM,93
2024-05-04 16:15:00,Vinicius Júnior_7_RM,20
2024-05-04 18:30:00,Ferrán Torres_7_B,14
2024-05-04 18:30:00,Lamine Yamal_19_B,85
2024-05-04 18:30:00,Pau Cubarsí_2_B,94
2024-05-04 18:30:00,Pedri_8_B,24
2024-05-04 18:30:00,Raphinha_11_B,24
2024-05-08 21:00:00,Aurélien Tchouaméni_14_RM,69
2024-05-08 21:00:00,Federico Valverde_8_RM,80
2024-05-08 21:00:00,Jude Bellingham_5_RM,89
2024-05-08 21:00:00,Vinicius Júnior_7_RM,90
2024-05-11 18:30:00,Arda Güler_15_RM,92
2024-05-11 18:30:00,Dani Ceballos_19_RM,92
2024-05-11 18:30:00,Fran Garcia_20_RM,92
2024-05-11 18:30:00,Lucas Vázquez_17_RM,92
2024-05-11 18:30:00,Thibaut Courtois_1_RM,92
2024-05-13 21:00:00,Ferrán Torres_7_B,19
2024-05-13 21:00:00,Iñigo Martínez_5_B,95
2024-05-13 21:00:00,Lamine Yamal_19_B,95
2024-05-13 21:00:00,Pau Cubarsí_2_B,95
2024-05-13 21:00:00,Pedri_8_B,70
2024-05-13 21:00:00,Raphinha_11_B,95
2024-05-14 21:30:00,Arda Güler_15_RM,30
2024-05-14 21:30:00,Dani Ceballos_19_RM,20
2024-05-14 21:30:00,Federico Valverde_8_RM,85
2024-05-14 21:30:00,Jude Bellingham_5_RM,95
2024-05-14 21:30:00,Thibaut Courtois_1_RM,95
2024-05-14 21:30:00,Vinicius Júnior_7_RM,95
2024-05-16 21:30:00,Ferrán Torres_7_B,75
2024-05-16 21:30:00,Iñigo Martínez_5_B,94
2024-05-16 21:30:00,Lamine Yamal_19_B,94
2024-05-16 21:30:00,Pau Cubarsí_2_B,94
2024-05-16 21:30:00,Pedri_8_B,85
2024-05-19 19:00:00,Arda Güler_15_RM,95
2024-05-19 19:00:00,Dani Ceballos_19_RM,95
2024-05-19 19:00:00,Federico Valverde_8_RM,65
2024-05-19 19:00:00,Fran Garcia_20_RM,95
2024-05-19 19:00:00,Iñigo Martínez_5_B,94
2024-05-19 19:00:00,Lamine Yamal_19_B,94
2024-05-19 19:00:00,Lucas Vázquez_17_RM,95
2024-05-19 19:00:00,Pau Cubarsí_2_B,62
2024-05-19 19:00:00,Pedri_8_B,32
2024-05-19 19:00:00,Raphinha_11_B,62
2024-05-25 21:00:00,Dani Ceballos_19_RM,3
2024-05-25 21:00:00,Federico Valverde_8_RM,90
2024-05-25 21:00:00,Jude Bellingham_5_RM,90
2024-05-25 21:00:00,Lucas Vázquez_17_RM,16
2024-05-25 21:00:00,Thibaut Courtois_1_RM,63
2024-05-25 21:00:00,Vinicius Júnior_7_RM,90
2024-05-26 21:00:00,Ferrán Torres_7_B,34
2024-05-26 21:00:00,Iñigo Martínez_5_B,100
2024-05-26 21:00:00,Lamine Yamal_19_B,66
2024-05-26 21:00:00,Pau Cubarsí_2_B,100
2024-05-26 21:00:00,Pedri_8_B,100
2024-06-01 20:00:00,Federico Valverde_8_RM,90
2024-06-01 20:00:00,Jude Bellingham_5_RM,84
2024-06-01 20:00:00,Lucas Vázquez_17_RM,1
2024-06-01 20:00:00,Thibaut Courtois_1_RM,90
2024-06-01 20:00:00,Vinicius Júnior_7_RM,89
2024-08-17 21:30:00,Eric García_24_B,23
2024-08-17 21:30:00,Ferrán Torres_7_B,70
2024-08-17 21:30:00,Gerard Martín_35_B,30
2024-08-17 21:30:00,Iñigo Martínez_5_B,100
2024-08-17 21:30:00,Lamine Yamal_19_B,92
2024-08-17 21:30:00,Pau Cubarsí_2_B,70
2024-08-17 21:30:00,Pedri_8_B,30
2024-08-17 21:30:00,Raphinha_11_B,100
2024-08-18 21:30:00,Arda Güler_15_RM,9
2024-08-18 21:30:00,Aurélien Tchouaméni_14_RM,66
2024-08-18 21:30:00,Federico Valverde_8_RM,100
2024-08-18 21:30:00,Jude Bellingham_5_RM,91
2024-08-18 21:30:00,Kylian Mbappé_9_RM,100
2024-08-18 21:30:00,Lucas Vázquez_17_RM,10
2024-08-18 21:30:00,Thibaut Courtois_1_RM,100
2024-08-18 21:30:00,Vinicius Júnior_7_RM,91
2024-08-24 19:00:00,Eric García_24_B,13
2024-08-24 19:00:00,Ferrán Torres_7_B,67
2024-08-24 19:00:00,Gerard Martín_35_B,5
2024-08-24 19:00:00,Iñigo Martínez_5_B,100
2024-08-24 19:00:00,Lamine Yamal_19_B,95
2024-08-24 19:00:00,Pau Cubarsí_2_B,100
2024-08-24 19:00:00,Pedri_8_B,100
2024-08-24 19:00:00,Raphinha_11_B,100
2024-08-25 17:00:00,Arda Güler_15_RM,69
2024-08-25 17:00:00,Aurélien Tchouaméni_14_RM,96
2024-08-25 17:00:00,Dani Ceballos_19_RM,11
2024-08-25 17:00:00,Federico Valverde_8_RM,96
2024-08-25 17:00:00,Fran Garcia_20_RM,96
2024-08-25 17:00:00,Kylian Mbappé_9_RM,86
2024-08-25 17:00:00,Thibaut Courtois_1_RM,96
2024-08-25 17:00:00,Vinicius Júnior_7_RM,85
2024-08-27 21:30:00,Dani Olmo_20_B,55
2024-08-27 21:30:00,Ferrán Torres_7_B,48
2024-08-27 21:30:00,Gerard Martín_35_B,67
2024-08-27 21:30:00,Iñigo Martínez_5_B,103
2024-08-27 21:30:00,Lamine Yamal_19_B,98
2024-08-27 21:30:00,Pau Cubarsí_2_B,103
2024-08-27 21:30:00,Pedri_8_B,93
2024-08-27 21:30:00,Raphinha_11_B,103
2024-08-29 20:30:00,Arda Güler_15_RM,29
2024-08-29 20:30:00,Aurélien Tchouaméni_14_RM,94
2024-08-29 20:30:00,Federico Valverde_8_RM,94
2024-08-29 20:30:00,Fran Garcia_20_RM,47
2024-08-29 20:30:00,Kylian Mbappé_9_RM,94
2024-08-29 20:30:00,Lucas Vázquez_17_RM,77
2024-08-29 20:30:00,Thibaut Courtois_1_RM,94
2024-08-29 20:30:00,Vinicius Júnior_7_RM,87
2024-08-31 17:00:00,Dani Olmo_20_B,85
2024-08-31 17:00:00,Eric García_24_B,31
2024-08-31 17:00:00,Ferrán Torres_7_B,19
2024-08-31 17:00:00,Iñigo Martínez_5_B,94
2024-08-31 17:00:00,Lamine Yamal_19_B,94
2024-08-31 17:00:00,Pau Cubarsí_2_B,63
2024-08-31 17:00:00,Pedri_8_B,63
2024-08-31 17:00:00,Raphinha_11_B,94
2024-09-01 21:30:00,Aurélien Tchouaméni_14_RM,100
2024-09-01 21:30:00,Dani Ceballos_19_RM,69
2024-09-01 21:30:00,Federico Valverde_8_RM,100
2024-09-01 21:30:00,Fran Garcia_20_RM,31
2024-09-01 21:30:00,Kylian Mbappé_9_RM,88
2024-09-01 21:30:00,Thibaut Courtois_1_RM,100
2024-09-01 21:30:00,Vinicius Júnior_7_RM,100
2024-09-14 21:00:00,Arda Güler_15_RM,80
2024-09-14 21:00:00,Federico Valverde_8_RM,97
2024-09-14 21:00:00,Kylian Mbappé_9_RM,93
2024-09-14 21:00:00,Lucas Vázquez_17_RM,17
2024-09-14 21:00:00,Thibaut Courtois_1_RM,97
2024-09-14 21:00:00,Vinicius Júnior_7_RM,97
2024-09-15 16:15:00,Dani Olmo_20_B,61
2024-09-15 16:15:00,Eric García_24_B,35
2024-09-15 16:15:00,Ferrán Torres_7_B,27
2024-09-15 16:15:00,Gerard Martín_35_B,4
2024-09-15 16:15:00,Iñigo Martínez_5_B,96
2024-09-15 16:15:00,Lamine Yamal_19_B,92
2024-09-15 16:15:00,Pau Cubarsí_2_B,61
2024-09-15 16:15:00,Pedri_8_B,69
2024-09-15 16:15:00,Raphinha_11_B,96
2024-09-17 21:00:00,Arda Güler_15_RM,16
2024-09-17 21:00:00,Aurélien Tchouaméni_14_RM,69
2024-09-17 21:00:00,Federico Valverde_8_RM,90
2024-09-17 21:00:00,Fran Garcia_20_RM,15
2024-09-17 21:00:00,Jude Bellingham_5_RM,79
2024-09-17 21:00:00,Kylian Mbappé_9_RM,90
2024-09-17 21:00:00,Lucas Vázquez_17_RM,45
2024-09-17 21:00:00,Thibaut Courtois_1_RM,90
2024-09-17 21:00:00,Vinicius Júnior_7_RM,90
2024-09-19 21:00:00,Eric García_24_B,9
2024-09-19 21:00:00,Ferrán Torres_7_B,11
2024-09-19 21:00:00,Gerard Martín_35_B,11
2024-09-19 21:00:00,Iñigo Martínez_5_B,90
2024-09-19 21:00:00,Lamine Yamal_19_B,79
2024-09-19 21:00:00,Pau Cubarsí_2_B,79
2024-09-19 21:00:00,Pedri_8_B,82
2024-09-19 21:00:00,Raphinha_11_B,90
2024-09-21 21:00:00,Arda Güler_15_RM,56
2024-09-21 21:00:00,Aurélien Tchouaméni_14_RM,94
2024-09-21 21:00:00,Federico Valverde_8_RM,94
2024-09-21 21:00:00,Fran Garcia_20_RM,94
2024-09-21 21:00:00,Jude Bellingham_5_RM,85
2024-09-21 21:00:00,Kylian Mbappé_9_RM,94
2024-09-21 21:00:00,Lucas Vázquez_17_RM,34
2024-09-21 21:00:00,Thibaut Courtois_1_RM,94
2024-09-21 21:00:00,Vinicius Júnior_7_RM,38
2024-09-22 18:30:00,Eric García_24_B,98
2024-09-22 18:30:00,Gerard Martín_35_B,98
2024-09-22 18:30:00,Iñigo Martínez_5_B,86
2024-09-22 18:30:00,Lamine Yamal_19_B,98
2024-09-22 18:30:00,Pau Cubarsí_2_B,34
2024-09-22 18:30:00,Pedri_8_B,64
2024-09-22 18:30:00,Raphinha_11_B,98
2024-09-24 21:00:00,Arda Güler_15_RM,16
2024-09-24 21:00:00,Aurélien Tchouaméni_14_RM,97
2024-09-24 21:00:00,Federico Valverde_8_RM,70
2024-09-24 21:00:00,Fran Garcia_20_RM,6
2024-09-24 21:00:00,Jude Bellingham_5_RM,97
2024-09-24 21:00:00,Kylian Mbappé_9_RM,81
2024-09-24 21:00:00,Lucas Vázquez_17_RM,97
2024-09-24 21:00:00,Thibaut Courtois_1_RM,97
2024-09-24 21:00:00,Vinicius Júnior_7_RM,91
2024-09-25 21:00:00,Eric García_24_B,94
2024-09-25 21:00:00,Ferrán Torres_7_B,31
2024-09-25 21:00:00,Gerard Martín_35_B,6
2024-09-25 21:00:00,Iñigo Martínez_5_B,94
2024-09-25 21:00:00,Lamine Yamal_19_B,94
2024-09-25 21:00:00,Pau Cubarsí_2_B,88
2024-09-25 21:00:00,Pedri_8_B,17
2024-09-25 21:00:00,Raphinha_11_B,94
2024-09-28 21:00:00,Eric García_24_B,99
2024-09-28 21:00:00,Ferrán Torres_7_B,99
2024-09-28 21:00:00,Gerard Martín_35_B,72
2024-09-28 21:00:00,Lamine Yamal_19_B,38
2024-09-28 21:00:00,Pau Cubarsí_2_B,99
2024-09-28 21:00:00,Pedri_8_B,99
2024-09-28 21:00:00,Raphinha_11_B,38
2024-09-29 21:00:00,Aurélien Tchouaméni_14_RM,100
2024-09-29 21:00:00,Federico Valverde_8_RM,100
2024-09-29 21:00:00,Fran Garcia_20_RM,9
2024-09-29 21:00:00,Jude Bellingham_5_RM,100
2024-09-29 21:00:00,Lucas Vázquez_17_RM,13
2024-09-29 21:00:00,Thibaut Courtois_1_RM,100
2024-09-29 21:00:00,Vinicius Júnior_7_RM,88
2024-10-01 21:00:00,Ferrán Torres_7_B,90
2024-10-01 21:00:00,Frenkie de Jong_21_B,16
2024-10-01 21:00:00,Iñigo Martínez_5_B,83
2024-10-01 21:00:00,Lamine Yamal_19_B,74
2024-10-01 21:00:00,Pau Cubarsí_2_B,63
2024-10-01 21:00:00,Pedri_8_B,63
2024-10-01 21:00:00,Raphinha_11_B,90
2024-10-02 21:00:00,Arda Güler_15_RM,24
2024-10-02 21:00:00,Aurélien Tchouaméni_14_RM,90
2024-10-02 21:00:00,Federico Valverde_8_RM,90
2024-10-02 21:00:00,Fran Garcia_20_RM,45
2024-10-02 21:00:00,Jude Bellingham_5_RM,90
2024-10-02 21:00:00,Kylian Mbappé_9_RM,34
2024-10-02 21:00:00,Vinicius Júnior_7_RM,90
2024-10-05 21:00:00,Arda Güler_15_RM,13
2024-10-05 21:00:00,Aurélien Tchouaméni_14_RM,92
2024-10-05 21:00:00,Federico Valverde_8_RM,92
2024-10-05 21:00:00,Jude Bellingham_5_RM,92
2024-10-05 21:00:00,Kylian Mbappé_9_RM,71
2024-10-05 21:00:00,Vinicius Júnior_7_RM,79
2024-10-06 16:15:00,Eric García_24_B,89
2024-10-06 16:15:00,Ferrán Torres_7_B,6
2024-10-06 16:15:00,Frenkie de Jong_21_B,9
2024-10-06 16:15:00,Gerard Martín_35_B,9
2024-10-06 16:15:00,Iñigo Martínez_5_B,86
2024-10-06 16:15:00,Lamine Yamal_19_B,72
2024-10-06 16:15:00,Pau Cubarsí_2_B,95
2024-10-06 16:15:00,Pedri_8_B,95
2024-10-06 16:15:00,Raphinha_11_B,95
2024-10-19 21:00:00,Aurélien Tchouaméni_14_RM,96
2024-10-19 21:00:00,Dani Ceballos_19_RM,14
2024-10-19 21:00:00,Federico Valverde_8_RM,63
2024-10-19 21:00:00,Fran Garcia_20_RM,70
2024-10-19 21:00:00,Jude Bellingham_5_RM,96
2024-10-19 21:00:00,Kylian Mbappé_9_RM,82
2024-10-19 21:00:00,Lucas Vázquez_17_RM,96
2024-10-19 21:00:00,Thibaut Courtois_1_RM,96
2024-10-19 21:00:00,Vinicius Júnior_7_RM,96
2024-10-20 21:00:00,Gerard Martín_35_B,14
2024-10-20 21:00:00,Iñigo Martínez_5_B,94
2024-10-20 21:00:00,Lamine Yamal_19_B,80
2024-10-20 21:00:00,Pau Cubarsí_2_B,94
2024-10-20 21:00:00,Pedri_8_B,87
2024-10-20 21:00:00,Raphinha_11_B,70
2024-10-22 21:00:00,Arda Güler_15_RM,1
2024-10-22 21:00:00,Aurélien Tchouaméni_14_RM,6
2024-10-22 21:00:00,Dani Ceballos_19_RM,1
2024-10-22 21:00:00,Federico Valverde_8_RM,90
2024-10-22 21:00:00,Jude Bellingham_5_RM,89
2024-10-22 21:00:00,Kylian Mbappé_9_RM,89
2024-10-22 21:00:00,Lucas Vázquez_17_RM,90
2024-10-22 21:00:00,Thibaut Courtois_1_RM,90
2024-10-22 21:00:00,Vinicius Júnior_7_RM,90
2024-10-23 21:00:00,Dani Olmo_20_B,15
2024-10-23 21:00:00,Frenkie de Jong_21_B,30
2024-10-23 21:00:00,Iñigo Martínez_5_B,90
2024-10-23 21:00:00,Lamine Yamal_19_B,84
2024-10-23 21:00:00,Pau Cubarsí_2_B,90
2024-10-23 21:00:00,Pedri_8_B,84
2024-10-23 21:00:00,Raphinha_11_B,75
2024-10-26 21:00:00,Aurélien Tchouaméni_14_RM,63
2024-10-26 21:00:00,Dani Olmo_20_B,25
2024-10-26 21:00:00,Federico Valverde_8_RM,90
2024-10-26 21:00:00,Fran Garcia_20_RM,4
2024-10-26 21:00:00,Frenkie de Jong_21_B,44
2024-10-26 21:00:00,Iñigo Martínez_5_B,90
2024-10-26 21:00:00,Jude Bellingham_5_RM,90
2024-10-26 21:00:00,Kylian Mbappé_9_RM,90
2024-10-26 21:00:00,Lamine Yamal_19_B,90
2024-10-26 21:00:00,Lucas Vázquez_17_RM,90
2024-10-26 21:00:00,Pau Cubarsí_2_B,90
2024-10-26 21:00:00,Pedri_8_B,87
2024-10-26 21:00:00,Raphinha_11_B,90
2024-10-26 21:00:00,Vinicius Júnior_7_RM,90
2024-11-03 16:15:00,Dani Olmo_20_B,56
2024-11-03 16:15:00,Frenkie de Jong_21_B,35
2024-11-03 16:15:00,Iñigo Martínez_5_B,91
2024-11-03 16:15:00,Lamine Yamal_19_B,91
2024-11-03 16:15:00,Pau Cubarsí_2_B,91
2024-11-03 16:15:00,Pedri_8_B,85
2024-11-03 16:15:00,Raphinha_11_B,85
2024-11-05 21:00:00,Aurélien Tchouaméni_14_RM,45
2024-11-05 21:00:00,Dani Ceballos_19_RM,28
2024-11-05 21:00:00,Federico Valverde_8_RM,45
2024-11-05 21:00:00,Fran Garcia_20_RM,17
2024-11-05 21:00:00,Jude Bellingham_5_RM,73
2024-11-05 21:00:00,Kylian Mbappé_9_RM,90
2024-11-05 21:00:00,Lucas Vázquez_17_RM,90
2024-11-05 21:00:00,Vinicius Júnior_7_RM,90
2024-11-06 21:00:00,Dani Olmo_20_B,33
2024-11-06 21:00:00,Frenkie de Jong_21_B,67
2024-11-06 21:00:00,Gerard Martín_35_B,90
2024-11-06 21:00:00,Iñigo Martínez_5_B,90
2024-11-06 21:00:00,Lamine Yamal_19_B,90
2024-11-06 21:00:00,Pau Cubarsí_2_B,66
2024-11-06 21:00:00,Pedri_8_B,57
2024-11-06 21:00:00,Raphinha_11_B,57
2024-11-09 14:00:00,Arda Güler_15_RM,19
2024-11-09 14:00:00,Federico Valverde_8_RM,99
2024-11-09 14:00:00,Fran Garcia_20_RM,99
2024-11-09 14:00:00,Jude Bellingham_5_RM,80
2024-11-09 14:00:00,Kylian Mbappé_9_RM,99
2024-11-09 14:00:00,Lucas Vázquez_17_RM,51
2024-11-09 14:00:00,Raúl Asencio_35_RM,69
2024-11-09 14:00:00,Vinicius Júnior_7_RM,80
2024-11-10 21:00:00,Dani Olmo_20_B,45
2024-11-10 21:00:00,Frenkie de Jong_21_B,47
2024-11-10 21:00:00,Iñigo Martínez_5_B,92
2024-11-10 21:00:00,Pau Cubarsí_2_B,92
2024-11-10 21:00:00,Pedri_8_B,92
2024-11-10 21:00:00,Raphinha_11_B,92
2024-11-23 21:00:00,Dani Olmo_20_B,90
2024-11-23 21:00:00,Frenkie de Jong_21_B,20
2024-11-23 21:00:00,Gerard Martín_35_B,47
2024-11-23 21:00:00,Iñigo Martínez_5_B,96
2024-11-23 21:00:00,Pau Cubarsí_2_B,96
2024-11-23 21:00:00,Pedri_8_B,76
2024-11-23 21:00:00,Raphinha_11_B,96
2024-11-24 18:30:00,Arda Güler_15_RM,76
2024-11-24 18:30:00,Dani Ceballos_19_RM,92
2024-11-24 18:30:00,Federico Valverde_8_RM,92
2024-11-24 18:30:00,Fran Garcia_20_RM,92
2024-11-24 18:30:00,Jude Bellingham_5_RM,88
2024-11-24 18:30:00,Kylian Mbappé_9_RM,84
2024-11-24 18:30:00,Raúl Asencio_35_RM,92
2024-11-24 18:30:00,Thibaut Courtois_1_RM,92
2024-11-24 18:30:00,Vinicius Júnior_7_RM,92
2024-11-26 21:00:00,Dani Olmo_20_B,67
2024-11-26 21:00:00,Frenkie de Jong_21_B,3
2024-11-26 21:00:00,Gerard Martín_35_B,77
2024-11-26 21:00:00,Iñigo Martínez_5_B,90
2024-11-26 21:00:00,Pau Cubarsí_2_B,90
2024-11-26 21:00:00,Pedri_8_B,87
2024-11-26 21:00:00,Raphinha_11_B,90
2024-11-27 20:00:00,Arda Güler_15_RM,56
2024-11-27 20:00:00,Dani Ceballos_19_RM,34
2024-11-27 20:00:00,Federico Valverde_8_RM,90
2024-11-27 20:00:00,Fran Garcia_20_RM,20
2024-11-27 20:00:00,Jude Bellingham_5_RM,90
2024-11-27 20:00:00,Kylian Mbappé_9_RM,90
2024-11-27 20:00:00,Lucas Vázquez_17_RM,34
2024-11-27 20:00:00,Raúl Asencio_35_RM,90
2024-11-27 20:00:00,Thibaut Courtois_1_RM,90
2024-11-30 14:00:00,Ferrán Torres_7_B,41
2024-11-30 14:00:00,Frenkie de Jong_21_B,41
2024-11-30 14:00:00,Gerard Martín_35_B,74
2024-11-30 14:00:00,Iñigo Martínez_5_B,100
2024-11-30 14:00:00,Lamine Yamal_19_B,52
2024-11-30 14:00:00,Pau Cubarsí_2_B,94
2024-11-30 14:00:00,Pedri_8_B,100
2024-11-30 14:00:00,Raphinha_11_B,100
2024-12-01 16:15:00,Arda Güler_15_RM,49
2024-12-01 16:15:00,Dani Ceballos_19_RM,97
2024-12-01 16:15:00,Federico Valverde_8_RM,97
2024-12-01 16:15:00,Fran Garcia_20_RM,97
2024-12-01 16:15:00,Jude Bellingham_5_RM,48
2024-12-01 16:15:00,Kylian Mbappé_9_RM,97
2024-12-01 16:15:00,Lucas Vázquez_17_RM,97
2024-12-01 16:15:00,Raúl Asencio_35_RM,97
2024-12-01 16:15:00,Thibaut Courtois_1_RM,97
2024-12-03 19:00:00,Dani Olmo_20_B,75
2024-12-03 19:00:00,Eric García_24_B,8
2024-12-03 19:00:00,Ferrán Torres_7_B,76
2024-12-03 19:00:00,Frenkie de Jong_21_B,18
2024-12-03 19:00:00,Iñigo Martínez_5_B,93
2024-12-03 19:00:00,Lamine Yamal_19_B,93
2024-12-03 19:00:00,Pau Cubarsí_2_B,93
2024-12-03 19:00:00,Pedri_8_B,85
2024-12-03 19:00:00,Raphinha_11_B,90
2024-12-04 21:00:00,Arda Güler_15_RM,5
2024-12-04 21:00:00,Aurélien Tchouaméni_14_RM,71
2024-12-04 21:00:00,Dani Ceballos_19_RM,58
2024-12-04 21:00:00,Federico Valverde_8_RM,93
2024-12-04 21:00:00,Fran Garcia_20_RM,71
2024-12-04 21:00:00,Jude Bellingham_5_RM,93
2024-12-04 21:00:00,Kylian Mbappé_9_RM,93
2024-12-04 21:00:00,Lucas Vázquez_17_RM,88
2024-12-04 21:00:00,Raúl Asencio_35_RM,93
2024-12-04 21:00:00,Thibaut Courtois_1_RM,93
2024-12-07 16:15:00,Dani Olmo_20_B,60
2024-12-07 16:15:00,Ferrán Torres_7_B,34
2024-12-07 16:15:00,Frenkie de Jong_21_B,34
2024-12-07 16:15:00,Iñigo Martínez_5_B,94
2024-12-07 16:15:00,Lamine Yamal_19_B,94
2024-12-07 16:15:00,Pau Cubarsí_2_B,94
2024-12-07 16:15:00,Pedri_8_B,74
2024-12-07 16:15:00,Raphinha_11_B,60
2024-12-07 21:00:00,Arda Güler_15_RM,91
2024-12-07 21:00:00,Aurélien Tchouaméni_14_RM,96
2024-12-07 21:00:00,Dani Ceballos_19_RM,33
2024-12-07 21:00:00,Federico Valverde_8_RM,83
2024-12-07 21:00:00,Fran Garcia_20_RM,13
2024-12-07 21:00:00,Jude Bellingham_5_RM,63
2024-12-07 21:00:00,Kylian Mbappé_9_RM,83
2024-12-07 21:00:00,Lucas Vázquez_17_RM,96
2024-12-07 21:00:00,Raúl Asencio_35_RM,13
2024-12-07 21:00:00,Thibaut Courtois_1_RM,96
2024-12-10 21:00:00,Arda Güler_15_RM,4
2024-12-10 21:00:00,Aurélien Tchouaméni_14_RM,90
2024-12-10 21:00:00,Dani Ceballos_19_RM,83
2024-12-10 21:00:00,Federico Valverde_8_RM,90
2024-12-10 21:00:00,Fran Garcia_20_RM,90
2024-12-10 21:00:00,Jude Bellingham_5_RM,86
2024-12-10 21:00:00,Kylian Mbappé_9_RM,35
2024-12-10 21:00:00,Lucas Vázquez_17_RM,90
2024-12-10 21:00:00,Raúl Asencio_35_RM,7
2024-12-10 21:00:00,Thibaut Courtois_1_RM,90
2024-12-10 21:00:00,Vinicius Júnior_7_RM,90
2024-12-11 21:00:00,Dani Olmo_20_B,70
2024-12-11 21:00:00,Eric García_24_B,1
2024-12-11 21:00:00,Ferrán Torres_7_B,20
2024-12-11 21:00:00,Frenkie de Jong_21_B,20
2024-12-11 21:00:00,Iñigo Martínez_5_B,90
2024-12-11 21:00:00,Lamine Yamal_19_B,89
2024-12-11 21:00:00,Pau Cubarsí_2_B,90
2024-12-11 21:00:00,Pedri_8_B,89
2024-12-11 21:00:00,Raphinha_11_B,70
2024-12-14 21:00:00,Arda Güler_15_RM,79
2024-12-14 21:00:00,Aurélien Tchouaméni_14_RM,98
2024-12-14 21:00:00,Dani Ceballos_19_RM,19
2024-12-14 21:00:00,Federico Valverde_8_RM,98
2024-12-14 21:00:00,Fran Garcia_20_RM,98
2024-12-14 21:00:00,Jude Bellingham_5_RM,98
2024-12-14 21:00:00,Lucas Vázquez_17_RM,79
2024-12-14 21:00:00,Thibaut Courtois_1_RM,98
2024-12-14 21:00:00,Vinicius Júnior_7_RM,35
2024-12-15 21:00:00,Dani Olmo_20_B,72
2024-12-15 21:00:00,Eric García_24_B,80
2024-12-15 21:00:00,Ferrán Torres_7_B,29
2024-12-15 21:00:00,Iñigo Martínez_5_B,101
2024-12-15 21:00:00,Lamine Yamal_19_B,81
2024-12-15 21:00:00,Pau Cubarsí_2_B,21
2024-12-15 21:00:00,Pedri_8_B,101
2024-12-15 21:00:00,Raphinha_11_B,101
2024-12-21 21:00:00,Dani Olmo_20_B,32
2024-12-21 21:00:00,Eric García_24_B,16
2024-12-21 21:00:00,Ferrán Torres_7_B,32
2024-12-21 21:00:00,Iñigo Martínez_5_B,96
2024-12-21 21:00:00,Pau Cubarsí_2_B,96
2024-12-21 21:00:00,Pedri_8_B,96
2024-12-21 21:00:00,Raphinha_11_B,96
2024-12-22 16:15:00,Arda Güler_15_RM,19
2024-12-22 16:15:00,Aurélien Tchouaméni_14_RM,93
2024-12-22 16:15:00,Dani Ceballos_19_RM,74
2024-12-22 16:15:00,Federico Valverde_8_RM,93
2024-12-22 16:15:00,Jude Bellingham_5_RM,80
2024-12-22 16:15:00,Kylian Mbappé_9_RM,93
2024-12-22 16:15:00,Lucas Vázquez_17_RM,93
2024-12-22 16:15:00,Raúl Asencio_35_RM,13
2024-12-22 16:15:00,Thibaut Courtois_1_RM,93
2025-01-03 21:00:00,Aurélien Tchouaméni_14_RM,104
2025-01-03 21:00:00,Dani Ceballos_19_RM,84
2025-01-03 21:00:00,Federico Valverde_8_RM,104
2025-01-03 21:00:00,Jude Bellingham_5_RM,101
2025-01-03 21:00:00,Kylian Mbappé_9_RM,104
2025-01-03 21:00:00,Lucas Vázquez_17_RM,104
2025-01-03 21:00:00,Raúl Asencio_35_RM,3
2025-01-03 21:00:00,Thibaut Courtois_1_RM,104
2025-01-03 21:00:00,Vinicius Júnior_7_RM,104
2025-01-04 19:00:00,Eric García_24_B,90
2025-01-04 19:00:00,Frenkie de Jong_21_B,90
2025-01-04 19:00:00,Gerard Martín_35_B,90
2025-01-04 19:00:00,Iñigo Martínez_5_B,61
2025-01-04 19:00:00,Pau Cubarsí_2_B,29
2025-01-04 19:00:00,Pedri_8_B,45
2025-01-04 19:00:00,Wojciech Szczęsny_25_B,90
2025-01-06 19:00:00,Arda Güler_15_RM,90
2025-01-06 19:00:00,Dani Ceballos_19_RM,45
2025-01-06 19:00:00,Federico Valverde_8_RM,45
2025-01-06 19:00:00,Fran Garcia_20_RM,90
2025-01-06 19:00:00,Kylian Mbappé_9_RM,28
2025-01-06 19:00:00,Lucas Vázquez_17_RM,28
2025-01-06 19:00:00,Raúl Asencio_35_RM,90
2025-01-06 19:00:00,Vinicius Júnior_7_RM,28
2025-01-15 21:00:00,Dani Olmo_20_B,90
2025-01-15 21:00:00,Eric García_24_B,27
2025-01-15 21:00:00,Ferrán Torres_7_B,27
2025-01-15 21:00:00,Frenkie de Jong_21_B,90
2025-01-15 21:00:00,Gerard Martín_35_B,90
2025-01-15 21:00:00,Lamine Yamal_19_B,76
2025-01-15 21:00:00,Pau Cubarsí_2_B,90
2025-01-15 21:00:00,Pedri_8_B,71
2025-01-15 21:00:00,Raphinha_11_B,63
2025-01-16 21:30:00,Arda Güler_15_RM,51
2025-01-16 21:30:00,Aurélien Tchouaméni_14_RM,120
2025-01-16 21:30:00,Dani Ceballos_19_RM,69
2025-01-16 21:30:00,Federico Valverde_8_RM,42
2025-01-16 21:30:00,Fran Garcia_20_RM,89
2025-01-16 21:30:00,Jude Bellingham_5_RM,31
2025-01-16 21:30:00,Kylian Mbappé_9_RM,78
2025-01-16 21:30:00,Lucas Vázquez_17_RM,120
2025-01-16 21:30:00,Raúl Asencio_35_RM,120
2025-01-16 21:30:00,Vinicius Júnior_7_RM,104
2025-01-18 21:00:00,Dani Olmo_20_B,36
2025-01-18 21:00:00,Ferrán Torres_7_B,17
2025-01-18 21:00:00,Frenkie de Jong_21_B,52
2025-01-18 21:00:00,Lamine Yamal_19_B,98
2025-01-18 21:00:00,Pau Cubarsí_2_B,98
2025-01-18 21:00:00,Pedri_8_B,98
2025-01-18 21:00:00,Raphinha_11_B,98
2025-01-19 16:15:00,Arda Güler_15_RM,15
2025-01-19 16:15:00,Dani Ceballos_19_RM,86
2025-01-19 16:15:00,Federico Valverde_8_RM,94
2025-01-19 16:15:00,Fran Garcia_20_RM,94
2025-01-19 16:15:00,Jude Bellingham_5_RM,94
2025-01-19 16:15:00,Kylian Mbappé_9_RM,94
2025-01-19 16:15:00,Lucas Vázquez_17_RM,90
2025-01-19 16:15:00,Raúl Asencio_35_RM,94
2025-01-19 16:15:00,Thibaut Courtois_1_RM,94
2025-01-21 20:00:00,Eric García_24_B,17
2025-01-21 20:00:00,Ferrán Torres_7_B,17
2025-01-21 20:00:00,Frenkie de Jong_21_B,29
2025-01-21 20:00:00,Gerard Martín_35_B,1
2025-01-21 20:00:00,Lamine Yamal_19_B,89
2025-01-21 20:00:00,Pau Cubarsí_2_B,90
2025-01-21 20:00:00,Pedri_8_B,90
2025-01-21 20:00:00,Raphinha_11_B,90
2025-01-21 20:00:00,Wojciech Szczęsny_25_B,90
2025-01-22 21:00:00,Arda Güler_15_RM,27
2025-01-22 21:00:00,Dani Ceballos_19_RM,63
2025-01-22 21:00:00,Federico Valverde_8_RM,90
2025-01-22 21:00:00,Jude Bellingham_5_RM,63
2025-01-22 21:00:00,Kylian Mbappé_9_RM,70
2025-01-22 21:00:00,Raúl Asencio_35_RM,90
2025-01-22 21:00:00,Thibaut Courtois_1_RM,90
2025-01-22 21:00:00,Vinicius Júnior_7_RM,90
2025-01-25 21:00:00,Arda Güler_15_RM,21
2025-01-25 21:00:00,Aurélien Tchouaméni_14_RM,96
2025-01-25 21:00:00,Dani Ceballos_19_RM,70
2025-01-25 21:00:00,Federico Valverde_8_RM,94
2025-01-25 21:00:00,Fran Garcia_20_RM,96
2025-01-25 21:00:00,Jude Bellingham_5_RM,96
2025-01-25 21:00:00,Kylian Mbappé_9_RM,94
2025-01-25 21:00:00,Raúl Asencio_35_RM,70
2025-01-25 21:00:00,Thibaut Courtois_1_RM,96
2025-01-26 21:00:00,Eric García_24_B,94
2025-01-26 21:00:00,Ferrán Torres_7_B,94
2025-01-26 21:00:00,Frenkie de Jong_21_B,82
2025-01-26 21:00:00,Gerard Martín_35_B,30
2025-01-26 21:00:00,Lamine Yamal_19_B,75
2025-01-26 21:00:00,Pau Cubarsí_2_B,94
2025-01-26 21:00:00,Raphinha_11_B,64
2025-01-26 21:00:00,Wojciech Szczęsny_25_B,94
2025-01-29 21:00:00,Arda Güler_15_RM,19
2025-01-29 21:00:00,Aurélien Tchouaméni_14_RM,81
2025-01-29 21:00:00,Dani Ceballos_19_RM,9
2025-01-29 21:00:00,Eric García_24_B,68
2025-01-29 21:00:00,Federico Valverde_8_RM,90
2025-01-29 21:00:00,Ferrán Torres_7_B,22
2025-01-29 21:00:00,Frenkie de Jong_21_B,90
2025-01-29 21:00:00,Jude Bellingham_5_RM,81
2025-01-29 21:00:00,Kylian Mbappé_9_RM,90
2025-01-29 21:00:00,Lamine Yamal_19_B,89
2025-01-29 21:00:00,Lucas Vázquez_17_RM,81
2025-01-29 21:00:00,Pau Cubarsí_2_B,22
2025-01-29 21:00:00,Pedri_8_B,79
2025-01-29 21:00:00,Raphinha_11_B,90
2025-01-29 21:00:00,Raúl Asencio_35_RM,9
2025-01-29 21:00:00,Thibaut Courtois_1_RM,90
2025-01-29 21:00:00,Wojciech Szczęsny_25_B,90
2025-02-01 21:00:00,Aurélien Tchouaméni_14_RM,98
2025-02-01 21:00:00,Dani Ceballos_19_RM,80
2025-02-01 21:00:00,Federico Valverde_8_RM,98
2025-02-01 21:00:00,Fran Garcia_20_RM,98
2025-02-01 21:00:00,Jude Bellingham_5_RM,98
2025-02-01 21:00:00,Kylian Mbappé_9_RM,98
2025-02-01 21:00:00,Lucas Vázquez_17_RM,87
2025-02-01 21:00:00,Raúl Asencio_35_RM,83
2025-02-01 21:00:00,Thibaut Courtois_1_RM,98
2025-02-01 21:00:00,Vinicius Júnior_7_RM,98
2025-02-02 14:00:00,Eric García_24_B,45
2025-02-02 14:00:00,Ferrán Torres_7_B,24
2025-02-02 14:00:00,Frenkie de Jong_21_B,45
2025-02-02 14:00:00,Gerard Martín_35_B,8
2025-02-02 14:00:00,Lamine Yamal_19_B,91
2025-02-02 14:00:00,Pau Cubarsí_2_B,91
2025-02-02 14:00:00,Pedri_8_B,91
2025-02-02 14:00:00,Raphinha_11_B,67
2025-02-02 14:00:00,Wojciech Szczęsny_25_B,91
2025-02-05 21:00:00,Arda Güler_15_RM,75
2025-02-05 21:00:00,Aurélien Tchouaméni_14_RM,90
2025-02-05 21:00:00,Dani Ceballos_19_RM,15
2025-02-05 21:00:00,Federico Valverde_8_RM,90
2025-02-05 21:00:00,Fran Garcia_20_RM,9
2025-02-05 21:00:00,Raúl Asencio_35_RM,90
2025-02-05 21:00:00,Vinicius Júnior_7_RM,45
2025-02-06 21:30:00,Dani Olmo_20_B,27
2025-02-06 21:30:00,Eric García_24_B,90
2025-02-06 21:30:00,Ferrán Torres_7_B,90
2025-02-06 21:30:00,Frenkie de Jong_21_B,90
2025-02-06 21:30:00,Gerard Martín_35_B,45
2025-02-06 21:30:00,Iñigo Martínez_5_B,45
2025-02-06 21:30:00,Lamine Yamal_19_B,90
2025-02-06 21:30:00,Pau Cubarsí_2_B,45
2025-02-06 21:30:00,Pedri_8_B,63
2025-02-06 21:30:00,Raphinha_11_B,63
2025-02-06 21:30:00,Wojciech Szczęsny_25_B,90
2025-02-08 21:00:00,Aurélien Tchouaméni_14_RM,97
2025-02-08 21:00:00,Dani Ceballos_19_RM,85
2025-02-08 21:00:00,Federico Valverde_8_RM,97
2025-02-08 21:00:00,Fran Garcia_20_RM,97
2025-02-08 21:00:00,Jude Bellingham_5_RM,97
2025-02-08 21:00:00,Kylian Mbappé_9_RM,97
2025-02-08 21:00:00,Lucas Vázquez_17_RM,86
2025-02-08 21:00:00,Raúl Asencio_35_RM,97
2025-02-08 21:00:00,Thibaut Courtois_1_RM,97
2025-02-08 21:00:00,Vinicius Júnior_7_RM,97
2025-02-09 21:00:00,Dani Olmo_20_B,24
2025-02-09 21:00:00,Eric García_24_B,24
2025-02-09 21:00:00,Frenkie de Jong_21_B,75
2025-02-09 21:00:00,Gerard Martín_35_B,6
2025-02-09 21:00:00,Iñigo Martínez_5_B,99
2025-02-09 21:00:00,Lamine Yamal_19_B,93
2025-02-09 21:00:00,Pau Cubarsí_2_B,77
2025-02-09 21:00:00,Pedri_8_B,99
2025-02-09 21:00:00,Raphinha_11_B,99
2025-02-09 21:00:00,Wojciech Szczęsny_25_B,99
2025-02-11 20:00:00,Aurélien Tchouaméni_14_RM,90
2025-02-11 20:00:00,Dani Ceballos_19_RM,80
2025-02-11 20:00:00,Federico Valverde_8_RM,90
2025-02-11 20:00:00,Fran Garcia_20_RM,1
2025-02-11 20:00:00,Jude Bellingham_5_RM,90
2025-02-11 20:00:00,Kylian Mbappé_9_RM,89
2025-02-11 20:00:00,Raúl Asencio_35_RM,90
2025-02-11 20:00:00,Thibaut Courtois_1_RM,90
2025-02-11 20:00:00,Vinicius Júnior_7_RM,90
2025-02-15 16:15:00,Aurélien Tchouaméni_14_RM,91
2025-02-15 16:15:00,Federico Valverde_8_RM,91
2025-02-15 16:15:00,Fran Garcia_20_RM,91
2025-02-15 16:15:00,Jude Bellingham_5_RM,91
2025-02-15 16:15:00,Kylian Mbappé_9_RM,91
2025-02-15 16:15:00,Raúl Asencio_35_RM,91
2025-02-15 16:15:00,Thibaut Courtois_1_RM,91
2025-02-15 16:15:00,Vinicius Júnior_7_RM,91
2025-02-17 21:00:00,Dani Olmo_20_B,29
2025-02-17 21:00:00,Eric García_24_B,14
2025-02-17 21:00:00,Ferrán Torres_7_B,14
2025-02-17 21:00:00,Frenkie de Jong_21_B,91
2025-02-17 21:00:00,Iñigo Martínez_5_B,98
2025-02-17 21:00:00,Lamine Yamal_19_B,98
2025-02-17 21:00:00,Pau Cubarsí_2_B,84
2025-02-17 21:00:00,Pedri_8_B,98
2025-02-17 21:00:00,Raphinha_11_B,98
2025-02-17 21:00:00,Wojciech Szczęsny_25_B,98
2025-02-19 21:00:00,Aurélien Tchouaméni_14_RM,82
2025-02-19 21:00:00,Dani Ceballos_19_RM,77
2025-02-19 21:00:00,Federico Valverde_8_RM,89
2025-02-19 21:00:00,Jude Bellingham_5_RM,90
2025-02-19 21:00:00,Kylian Mbappé_9_RM,77
2025-02-19 21:00:00,Raúl Asencio_35_RM,90
2025-02-19 21:00:00,Thibaut Courtois_1_RM,90
2025-02-19 21:00:00,Vinicius Júnior_7_RM,89
2025-02-22 20:00:00,Dani Olmo_20_B,51
2025-02-22 20:00:00,Eric García_24_B,97
2025-02-22 20:00:00,Ferrán Torres_7_B,12
2025-02-22 20:00:00,Frenkie de Jong_21_B,12
2025-02-22 20:00:00,Lamine Yamal_19_B,85
2025-02-22 20:00:00,Pau Cubarsí_2_B,97
2025-02-22 20:00:00,Pedri_8_B,85
2025-02-22 20:00:00,Raphinha_11_B,97
2025-02-22 20:00:00,Wojciech Szczęsny_25_B,97
2025-02-23 16:15:00,Aurélien Tchouaméni_14_RM,93
2025-02-23 16:15:00,Dani Ceballos_19_RM,20
2025-02-23 16:15:00,Kylian Mbappé_9_RM,93
2025-02-23 16:15:00,Lucas Vázquez_17_RM,93
2025-02-23 16:15:00,Raúl Asencio_35_RM,93
2025-02-23 16:15:00,Thibaut Courtois_1_RM,93
2025-02-23 16:15:00,Vinicius Júnior_7_RM,90
2025-02-25 21:30:00,Dani Olmo_20_B,67
2025-02-25 21:30:00,Eric García_24_B,6
2025-02-25 21:30:00,Ferrán Torres_7_B,67
2025-02-25 21:30:00,Frenkie de Jong_21_B,90
2025-02-25 21:30:00,Iñigo Martínez_5_B,90
2025-02-25 21:30:00,Lamine Yamal_19_B,90
2025-02-25 21:30:00,Pau Cubarsí_2_B,90
2025-02-25 21:30:00,Pedri_8_B,84
2025-02-25 21:30:00,Raphinha_11_B,84
2025-02-25 21:30:00,Wojciech Szczęsny_25_B,90
2025-02-26 21:30:00,Arda Güler_15_RM,83
2025-02-26 21:30:00,Aurélien Tchouaméni_14_RM,90
2025-02-26 21:30:00,Dani Ceballos_19_RM,90
2025-02-26 21:30:00,Fran Garcia_20_RM,90
2025-02-26 21:30:00,Jude Bellingham_5_RM,90
2025-02-26 21:30:00,Lucas Vázquez_17_RM,45
2025-02-26 21:30:00,Raúl Asencio_35_RM,45
2025-02-26 21:30:00,Vinicius Júnior_7_RM,83
2025-03-01 18:30:00,Arda Güler_15_RM,32
2025-03-01 18:30:00,Aurélien Tchouaméni_14_RM,93
2025-03-01 18:30:00,Fran Garcia_20_RM,6
2025-03-01 18:30:00,Kylian Mbappé_9_RM,77
2025-03-01 18:30:00,Lucas Vázquez_17_RM,93
2025-03-01 18:30:00,Thibaut Courtois_1_RM,93
2025-03-01 18:30:00,Vinicius Júnior_7_RM,93
2025-03-02 16:15:00,Dani Olmo_20_B,73
2025-03-02 16:15:00,Eric García_24_B,32
2025-03-02 16:15:00,Ferrán Torres_7_B,32
2025-03-02 16:15:00,Frenkie de Jong_21_B,32
2025-03-02 16:15:00,Gerard Martín_35_B,93
2025-03-02 16:15:00,Lamine Yamal_19_B,93
2025-03-02 16:15:00,Pau Cubarsí_2_B,61
2025-03-02 16:15:00,Pedri_8_B,61
2025-03-02 16:15:00,Raphinha_11_B,61
2025-03-02 16:15:00,Wojciech Szczęsny_25_B,93
2025-03-04 21:00:00,Aurélien Tchouaméni_14_RM,90
2025-03-04 21:00:00,Federico Valverde_8_RM,81
2025-03-04 21:00:00,Kylian Mbappé_9_RM,90
2025-03-04 21:00:00,Lucas Vázquez_17_RM,9
2025-03-04 21:00:00,Raúl Asencio_35_RM,90
2025-03-04 21:00:00,Thibaut Courtois_1_RM,90
2025-03-04 21:00:00,Vinicius Júnior_7_RM,90
2025-03-05 20:00:00,Dani Olmo_20_B,27
2025-03-05 20:00:00,Ferrán Torres_7_B,35
2025-03-05 20:00:00,Frenkie de Jong_21_B,78
2025-03-05 20:00:00,Gerard Martín_35_B,12
2025-03-05 20:00:00,Iñigo Martínez_5_B,90
2025-03-05 20:00:00,Lamine Yamal_19_B,55
2025-03-05 20:00:00,Pau Cubarsí_2_B,21
2025-03-05 20:00:00,Pedri_8_B,90
2025-03-05 20:00:00,Raphinha_11_B,90
2025-03-05 20:00:00,Wojciech Szczęsny_25_B,90
2025-03-09 16:15:00,Aurélien Tchouaméni_14_RM,95
2025-03-09 16:15:00,Federico Valverde_8_RM,25
2025-03-09 16:15:00,Fran Garcia_20_RM,95
2025-03-09 16:15:00,Jude Bellingham_5_RM,88
2025-03-09 16:15:00,Kylian Mbappé_9_RM,81
2025-03-09 16:15:00,Lucas Vázquez_17_RM,95
2025-03-09 16:15:00,Raúl Asencio_35_RM,95
2025-03-09 16:15:00,Vinicius Júnior_7_RM,95
2025-03-11 18:45:00,Dani Olmo_20_B,69
2025-03-11 18:45:00,Eric García_24_B,4
2025-03-11 18:45:00,Ferrán Torres_7_B,21
2025-03-11 18:45:00,Frenkie de Jong_21_B,81
2025-03-11 18:45:00,Iñigo Martínez_5_B,86
2025-03-11 18:45:00,Lamine Yamal_19_B,81
2025-03-11 18:45:00,Pedri_8_B,90
2025-03-11 18:45:00,Raphinha_11_B,90
2025-03-11 18:45:00,Wojciech Szczęsny_25_B,90
2025-03-12 21:00:00,Aurélien Tchouaméni_14_RM,64
2025-03-12 21:00:00,Federico Valverde_8_RM,120
2025-03-12 21:00:00,Fran Garcia_20_RM,38
2025-03-12 21:00:00,Jude Bellingham_5_RM,120
2025-03-12 21:00:00,Kylian Mbappé_9_RM,120
2025-03-12 21:00:00,Lucas Vázquez_17_RM,56
2025-03-12 21:00:00,Raúl Asencio_35_RM,120
2025-03-12 21:00:00,Thibaut Courtois_1_RM,120
2025-03-12 21:00:00,Vinicius Júnior_7_RM,114
2025-03-15 18:30:00,Arda Güler_15_RM,7
2025-03-15 18:30:00,Aurélien Tchouaméni_14_RM,90
2025-03-15 18:30:00,Federico Valverde_8_RM,83
2025-03-15 18:30:00,Fran Garcia_20_RM,90
2025-03-15 18:30:00,Jude Bellingham_5_RM,90
2025-03-15 18:30:00,Kylian Mbappé_9_RM,90
2025-03-15 18:30:00,Lucas Vázquez_17_RM,90
2025-03-15 18:30:00,Raúl Asencio_35_RM,61
2025-03-15 18:30:00,Thibaut Courtois_1_RM,90
2025-03-15 18:30:00,Vinicius Júnior_7_RM,29
2025-03-16 21:00:00,Dani Olmo_20_B,67
2025-03-16 21:00:00,Eric García_24_B,31
2025-03-16 21:00:00,Ferrán Torres_7_B,31
2025-03-16 21:00:00,Gerard Martín_35_B,12
2025-03-16 21:00:00,Iñigo Martínez_5_B,98
2025-03-16 21:00:00,Lamine Yamal_19_B,98
2025-03-16 21:00:00,Pau Cubarsí_2_B,98
2025-03-16 21:00:00,Pedri_8_B,94
2025-03-16 21:00:00,Raphinha_11_B,98
2025-03-16 21:00:00,Wojciech Szczęsny_25_B,98
2025-03-27 21:00:00,Dani Olmo_20_B,28
2025-03-27 21:00:00,Eric García_24_B,91
2025-03-27 21:00:00,Ferrán Torres_7_B,69
2025-03-27 21:00:00,Frenkie de Jong_21_B,47
2025-03-27 21:00:00,Gerard Martín_35_B,7
2025-03-27 21:00:00,Iñigo Martínez_5_B,91
2025-03-27 21:00:00,Lamine Yamal_19_B,91
2025-03-27 21:00:00,Pedri_8_B,85
2025-03-27 21:00:00,Wojciech Szczęsny_25_B,91
2025-03-29 21:00:00,Arda Güler_15_RM,65
2025-03-29 21:00:00,Aurélien Tchouaméni_14_RM,14
2025-03-29 21:00:00,Federico Valverde_8_RM,23
2025-03-29 21:00:00,Fran Garcia_20_RM,98
2025-03-29 21:00:00,Jude Bellingham_5_RM,98
2025-03-29 21:00:00,Kylian Mbappé_9_RM,98
2025-03-29 21:00:00,Lucas Vázquez_17_RM,75
2025-03-29 21:00:00,Raúl Asencio_35_RM,98
2025-03-29 21:00:00,Vinicius Júnior_7_RM,33
2025-03-30 16:15:00,Eric García_24_B,81
2025-03-30 16:15:00,Ferrán Torres_7_B,28
2025-03-30 16:15:00,Frenkie de Jong_21_B,29
2025-03-30 16:15:00,Gerard Martín_35_B,95
2025-03-30 16:15:00,Iñigo Martínez_5_B,81
2025-03-30 16:15:00,Lamine Yamal_19_B,95
2025-03-30 16:15:00,Pau Cubarsí_2_B,14
2025-03-30 16:15:00,Pedri_8_B,87
2025-03-30 16:15:00,Wojciech Szczęsny_25_B,95
2025-04-01 21:30:00,Arda Güler_15_RM,16
2025-04-01 21:30:00,Aurélien Tchouaméni_14_RM,120
2025-04-01 21:30:00,Federico Valverde_8_RM,120
2025-04-01 21:30:00,Fran Garcia_20_RM,30
2025-04-01 21:30:00,Jude Bellingham_5_RM,120
2025-04-01 21:30:00,Kylian Mbappé_9_RM,55
2025-04-01 21:30:00,Lucas Vázquez_17_RM,78
2025-04-01 21:30:00,Raúl Asencio_35_RM,104
2025-04-01 21:30:00,Vinicius Júnior_7_RM,120
2025-04-02 21:30:00,Eric García_24_B,33
2025-04-02 21:30:00,Ferrán Torres_7_B,73
2025-04-02 21:30:00,Frenkie de Jong_21_B,90
2025-04-02 21:30:00,Gerard Martín_35_B,4
2025-04-02 21:30:00,Iñigo Martínez_5_B,90
2025-04-02 21:30:00,Lamine Yamal_19_B,86
2025-04-02 21:30:00,Pau Cubarsí_2_B,57
2025-04-02 21:30:00,Pedri_8_B,90
2025-04-02 21:30:00,Raphinha_11_B,90
2025-04-02 21:30:00,Wojciech Szczęsny_25_B,90
2025-04-05 16:15:00,Arda Güler_15_RM,13
2025-04-05 16:15:00,Aurélien Tchouaméni_14_RM,101
2025-04-05 16:15:00,Federico Valverde_8_RM,101
2025-04-05 16:15:00,Fran Garcia_20_RM,80
2025-04-05 16:15:00,Jude Bellingham_5_RM,101
2025-04-05 16:15:00,Kylian Mbappé_9_RM,101
2025-04-05 16:15:00,Lucas Vázquez_17_RM,88
2025-04-05 16:15:00,Vinicius Júnior_7_RM,80
2025-04-05 21:00:00,Eric García_24_B,33
2025-04-05 21:00:00,Ferrán Torres_7_B,57
2025-04-05 21:00:00,Frenkie de Jong_21_B,57
2025-04-05 21:00:00,Gerard Martín_35_B,15
2025-04-05 21:00:00,Lamine Yamal_19_B,90
2025-04-05 21:00:00,Pau Cubarsí_2_B,90
2025-04-05 21:00:00,Pedri_8_B,75
2025-04-05 21:00:00,Raphinha_11_B,33
2025-04-05 21:00:00,Wojciech Szczęsny_25_B,90
2025-04-08 20:00:00,Federico Valverde_8_RM,90
2025-04-08 20:00:00,Fran Garcia_20_RM,12
2025-04-08 20:00:00,Jude Bellingham_5_RM,90
2025-04-08 20:00:00,Kylian Mbappé_9_RM,90
2025-04-08 20:00:00,Lucas Vázquez_17_RM,20
2025-04-08 20:00:00,Raúl Asencio_35_RM,90
2025-04-08 20:00:00,Thibaut Courtois_1_RM,90
2025-04-08 20:00:00,Vinicius Júnior_7_RM,90
2025-04-09 21:00:00,Eric García_24_B,10
2025-04-09 21:00:00,Ferrán Torres_7_B,10
2025-04-09 21:00:00,Frenkie de Jong_21_B,90
2025-04-09 21:00:00,Iñigo Martínez_5_B,80
2025-04-09 21:00:00,Lamine Yamal_19_B,85
2025-04-09 21:00:00,Pau Cubarsí_2_B,90
2025-04-09 21:00:00,Pedri_8_B,80
2025-04-09 21:00:00,Raphinha_11_B,90
2025-04-09 21:00:00,Wojciech Szczęsny_25_B,90
2025-04-12 21:00:00,Eric García_24_B,80
2025-04-12 21:00:00,Ferrán Torres_7_B,25
2025-04-12 21:00:00,Frenkie de Jong_21_B,46
2025-04-12 21:00:00,Gerard Martín_35_B,51
2025-04-12 21:00:00,Iñigo Martínez_5_B,92
2025-04-12 21:00:00,Lamine Yamal_19_B,92
2025-04-12 21:00:00,Pau Cubarsí_2_B,12
2025-04-12 21:00:00,Pedri_8_B,92
2025-04-12 21:00:00,Raphinha_11_B,92
2025-04-12 21:00:00,Wojciech Szczęsny_25_B,92
2025-04-13 16:15:00,Arda Güler_15_RM,63
2025-04-13 16:15:00,Aurélien Tchouaméni_14_RM,99
2025-04-13 16:15:00,Dani Ceballos_19_RM,7
2025-04-13 16:15:00,Federico Valverde_8_RM,92
2025-04-13 16:15:00,Fran Garcia_20_RM,77
2025-04-13 16:15:00,Jude Bellingham_5_RM,36
2025-04-13 16:15:00,Kylian Mbappé_9_RM,99
2025-04-13 16:15:00,Lucas Vázquez_17_RM,99
2025-04-13 16:15:00,Raúl Asencio_35_RM,99
2025-04-13 16:15:00,Thibaut Courtois_1_RM,99
2025-04-13 16:15:00,Vinicius Júnior_7_RM,37
2025-04-15 21:00:00,Dani Olmo_20_B,5
2025-04-15 21:00:00,Eric García_24_B,21
2025-04-15 21:00:00,Ferrán Torres_7_B,21
2025-04-15 21:00:00,Frenkie de Jong_21_B,90
2025-04-15 21:00:00,Gerard Martín_35_B,90
2025-04-15 21:00:00,Lamine Yamal_19_B,69
2025-04-15 21:00:00,Pau Cubarsí_2_B,90
2025-04-15 21:00:00,Pedri_8_B,32
2025-04-15 21:00:00,Raphinha_11_B,90
2025-04-15 21:00:00,Wojciech Szczęsny_25_B,90
2025-04-16 21:00:00,Aurélien Tchouaméni_14_RM,90
2025-04-16 21:00:00,Dani Ceballos_19_RM,30
2025-04-16 21:00:00,Federico Valverde_8_RM,90
2025-04-16 21:00:00,Fran Garcia_20_RM,30
2025-04-16 21:00:00,Jude Bellingham_5_RM,90
2025-04-16 21:00:00,Kylian Mbappé_9_RM,73
2025-04-16 21:00:00,Lucas Vázquez_17_RM,60
2025-04-16 21:00:00,Raúl Asencio_35_RM,73
2025-04-16 21:00:00,Thibaut Courtois_1_RM,90
2025-04-16 21:00:00,Vinicius Júnior_7_RM,90
2025-04-19 16:15:00,Dani Olmo_20_B,39
2025-04-19 16:15:00,Eric García_24_B,11
2025-04-19 16:15:00,Ferrán Torres_7_B,59
2025-04-19 16:15:00,Frenkie de Jong_21_B,98
2025-04-19 16:15:00,Gerard Martín_35_B,88
2025-04-19 16:15:00,Iñigo Martínez_5_B,98
2025-04-19 16:15:00,Lamine Yamal_19_B,39
2025-04-19 16:15:00,Pau Cubarsí_2_B,87
2025-04-19 16:15:00,Pedri_8_B,98
2025-04-19 16:15:00,Raphinha_11_B,98
2025-04-19 16:15:00,Wojciech Szczęsny_25_B,98
2025-04-20 21:00:00,Arda Güler_15_RM,15
2025-04-20 21:00:00,Aurélien Tchouaméni_14_RM,93
2025-04-20 21:00:00,Dani Ceballos_19_RM,58
2025-04-20 21:00:00,Federico Valverde_8_RM,93
2025-04-20 21:00:00,Jude Bellingham_5_RM,93
2025-04-20 21:00:00,Lucas Vázquez_17_RM,10
2025-04-20 21:00:00,Raúl Asencio_35_RM,83
2025-04-20 21:00:00,Thibaut Courtois_1_RM,93
2025-04-20 21:00:00,Vinicius Júnior_7_RM,93
2025-04-22 21:30:00,Dani Olmo_20_B,62
2025-04-22 21:30:00,Eric García_24_B,92
2025-04-22 21:30:00,Ferrán Torres_7_B,77
2025-04-22 21:30:00,Frenkie de Jong_21_B,6
2025-04-22 21:30:00,Gerard Martín_35_B,15
2025-04-22 21:30:00,Iñigo Martínez_5_B,92
2025-04-22 21:30:00,Lamine Yamal_19_B,86
2025-04-22 21:30:00,Pedri_8_B,92
2025-04-22 21:30:00,Raphinha_11_B,30
2025-04-22 21:30:00,Wojciech Szczęsny_25_B,92
2025-04-23 21:30:00,Arda Güler_15_RM,78
2025-04-23 21:30:00,Aurélien Tchouaméni_14_RM,97
2025-04-23 21:30:00,Dani Ceballos_19_RM,19
2025-04-23 21:30:00,Federico Valverde_8_RM,97
2025-04-23 21:30:00,Fran Garcia_20_RM,97
2025-04-23 21:30:00,Jude Bellingham_5_RM,33
2025-04-23 21:30:00,Lucas Vázquez_17_RM,97
2025-04-23 21:30:00,Raúl Asencio_35_RM,97
2025-04-23 21:30:00,Thibaut Courtois_1_RM,97
2025-04-23 21:30:00,Vinicius Júnior_7_RM,73
2025-04-26 22:00:00,Arda Güler_15_RM,66
2025-04-26 22:00:00,Aurélien Tchouaméni_14_RM,120
2025-04-26 22:00:00,Dani Ceballos_19_RM,54
2025-04-26 22:00:00,Dani Olmo_20_B,64
2025-04-26 22:00:00,Eric García_24_B,23
2025-04-26 22:00:00,Federico Valverde_8_RM,120
2025-04-26 22:00:00,Ferrán Torres_7_B,114
2025-04-26 22:00:00,Fran Garcia_20_RM,110
2025-04-26 22:00:00,Frenkie de Jong_21_B,84
2025-04-26 22:00:00,Gerard Martín_35_B,84
2025-04-26 22:00:00,Iñigo Martínez_5_B,120
2025-04-26 22:00:00,Jude Bellingham_5_RM,119
2025-04-26 22:00:00,Kylian Mbappé_9_RM,75
2025-04-26 22:00:00,Lamine Yamal_19_B,120
2025-04-26 22:00:00,Lucas Vázquez_17_RM,54
2025-04-26 22:00:00,Pau Cubarsí_2_B,120
2025-04-26 22:00:00,Pedri_8_B,97
2025-04-26 22:00:00,Raphinha_11_B,120
2025-04-26 22:00:00,Raúl Asencio_35_RM,120
2025-04-26 22:00:00,Thibaut Courtois_1_RM,120
2025-04-26 22:00:00,Vinicius Júnior_7_RM,88
2025-04-26 22:00:00,Wojciech Szczęsny_25_B,120
2025-04-30 21:00:00,Dani Olmo_20_B,67
2025-04-30 21:00:00,Eric García_24_B,49
2025-04-30 21:00:00,Ferrán Torres_7_B,90
2025-04-30 21:00:00,Frenkie de Jong_21_B,90
2025-04-30 21:00:00,Gerard Martín_35_B,45
2025-04-30 21:00:00,Iñigo Martínez_5_B,90
2025-04-30 21:00:00,Lamine Yamal_19_B,90
2025-04-30 21:00:00,Pau Cubarsí_2_B,82
2025-04-30 21:00:00,Pedri_8_B,82
2025-04-30 21:00:00,Raphinha_11_B,90
2025-04-30 21:00:00,Wojciech Szczęsny_25_B,90
2025-05-03 21:00:00,Dani Olmo_20_B,34
2025-05-03 21:00:00,Eric García_24_B,17
2025-05-03 21:00:00,Frenkie de Jong_21_B,50
2025-05-03 21:00:00,Gerard Martín_35_B,99
2025-05-03 21:00:00,Lamine Yamal_19_B,61
2025-05-03 21:00:00,Pedri_8_B,49
2025-05-03 21:00:00,Raphinha_11_B,50
2025-05-04 14:00:00,Arda Güler_15_RM,83
2025-05-04 14:00:00,Aurélien Tchouaméni_14_RM,95
2025-05-04 14:00:00,Dani Ceballos_19_RM,74
2025-05-04 14:00:00,Federico Valverde_8_RM,95
2025-05-04 14:00:00,Fran Garcia_20_RM,95
2025-05-04 14:00:00,Jude Bellingham_5_RM,95
2025-05-04 14:00:00,Kylian Mbappé_9_RM,95
2025-05-04 14:00:00,Lucas Vázquez_17_RM,95
2025-05-04 14:00:00,Raúl Asencio_35_RM,67
2025-05-04 14:00:00,Thibaut Courtois_1_RM,95
2025-05-04 14:00:00,Vinicius Júnior_7_RM,95
2025-05-06 21:00:00,Dani Olmo_20_B,82
2025-05-06 21:00:00,Eric García_24_B,97
2025-05-06 21:00:00,Ferrán Torres_7_B,89
2025-05-06 21:00:00,Frenkie de Jong_21_B,120
2025-05-06 21:00:00,Gerard Martín_35_B,120
2025-05-06 21:00:00,Iñigo Martínez_5_B,75
2025-05-06 21:00:00,Lamine Yamal_19_B,120
2025-05-06 21:00:00,Pau Cubarsí_2_B,104
2025-05-06 21:00:00,Pedri_8_B,104
2025-05-06 21:00:00,Raphinha_11_B,120
2025-05-06 21:00:00,Wojciech Szczęsny_25_B,120
